,ambulancer,bikedir,bikeinjury,bikepos,crashgrp,crashloc,crashtype,development,drvrinjury,recordid,geocodio_AddressNumber,geocodio_Street,point_score
0,5,5,2,0.0,1,3,2,4,1,4cd2c336a6246cac16c11551d71ec8c34b8bbccf,800.0,E Sugar Creek Rd,23.0
1,5,0,2,5.0,1,1,2,4,1,71a2579640ff6730ec345d68c8413189539e47f1,2629.0,Phillips Ave,21.0
2,5,5,2,0.0,1,3,2,5,1,89f52db785c49090277dbe870fff478502da4545,9111.0,S Bv,24.0
3,5,3,3,5.0,1,1,2,4,1,3824572032819f21582df65f1004e00f92ac0286,2601.0,Eastway Dr,25.0
4,5,3,2,0.0,2,3,2,5,0,70ac74cd4614d91b4c7f4aa2654d74da8505c8c2,2617.0,Dion Ave,22.0
5,5,0,5,5.0,1,3,2,5,1,c581be1223c6eeff862b5482dd4d4b6b33c5172e,2656.0,Shenandoah Ave,27.0
6,5,3,3,2.5,2,3,2,5,1,8ad2460d5412d8d36755ace23f84078e99806a24,1514.0,E Bv,26.5
7,5,5,2,0.0,1,3,2,5,1,a07a2a008ee58088b8640307259a54cbf32ba76e,5023.0,Central Ave,24.0
8,5,0,3,0.0,2,1,2,5,1,63060e9170293bc1568266b4b448bc4ca259ba29,5329.0,Ballantyne Commons Py,19.0
9,0,3,2,5.0,2,1,2,4,0,fd8e7ca1d15835678572396ea0ad47d41e0c1bdc,718.0,W Bv,19.0
10,0,3,2,5.0,0,3,1,5,1,b2326160f49be27ea5ec12dcf04ebac8b5c75d97,1301.0,East Blvd,20.0
11,0,3,3,5.0,4,3,4,5,0,c1498e422cc4a348ccf60ea8186849e8cd0ca52f,751.0,W Trade St,27.0
12,5,0,3,0.0,1,1,2,4,1,adb318dd548bbb98fbf1e41700d37f26f44a67c5,6726.0,Heatherwood Ln,17.0
13,5,0,3,5.0,1,3,4,4,0,e5d30dba3af8509788da72e65a5e15a11c56226d,6517.0,Park Rd,25.0
14,0,0,1,5.0,1,3,2,4,1,7720f1bd7512d34dba7a9381feab7362305fd830,10415.0,Plaza Rd Ext,17.0
15,5,3,3,5.0,1,1,2,4,1,bad508d3e834ce2b63d7514045b960dcedf3a217,3700.0,Camp Stewart Rd,25.0
16,5,0,4,5.0,2,1,2,4,1,b74781656d506af0b0966de7c980bfc4bfc5f9bc,13106.0,Brown-grier Rd,24.0
17,5,5,2,0.0,1,1,2,4,1,8e6d0325e042d36471600d004530c6734cec4510,304.0,Beatties Ford Rd,21.0
18,5,0,2,0.0,0,0,0,4,1,23524c0225cb989467a0f25d9dc1d19d63687edb,1128.0,Oaklawn Ave,12.0
19,5,3,3,0.0,2,1,2,5,1,e357dc1f29c4e8c28ae5546e9dec994d002eef74,,I 485,22.0
20,0,3,1,0.0,2,1,2,5,1,5ab52f0d866ddff4b39f16ede93239e373e16cbf,3101.0,Shenandoah Ave,15.0
21,5,5,2,5.0,0,3,0,4,1,f78cc7f6060de8d5906fa815e2056ebb09b4b0ef,10400.0,Telscombe Ct,25.0
22,5,5,2,0.0,2,1,3,5,1,a07b37437822cc044ed2cbd4b053f97cf4e4a914,5618.0,Old Concord Rd,24.0
23,0,5,2,0.0,1,3,2,5,1,0a16b49f931f43c6a273155c08408979b22de5c9,457.0,Eastway Dr,19.0
24,5,0,5,0.0,1,3,2,5,2,bc0d8395779acfa5337ff8816198a331ed94209a,6409.0,Old Pineville Rd,23.0
25,0,3,2,5.0,1,3,2,4,1,3d2e224ef7fc3d37032a21f9e1598157635f0efb,6200.0,Wilson Grove Rd,21.0
26,5,5,3,0.0,2,1,2,4,1,85218d0799c15578a637c3d353a6bfcef1a57754,4902.0,The Plz,23.0
27,5,3,3,0.0,1,3,2,4,1,e2349090f8d21a85dd9b574a4a1e8d2aa3f10179,1660.0,West Blvd,22.0
28,5,3,3,5.0,1,3,2,5,1,4a37b887dd64c6aec713e961c98a8b48d088637a,7704.0,Colony Rd,28.0
29,0,5,3,0.0,0,3,0,4,0,8d78ef2e17051457a1499b6ff759bf3672ad0401,10716.0,Plaza Rd Ext,15.0
30,5,3,2,5.0,4,3,1,4,0,9de8a381e0f06d1b2b74f953c63e4c2128d9c751,3521.0,Shamrock Dr,27.0
31,0,5,2,5.0,1,3,2,5,1,daef6187d43d47f746ffbf29404c53795f1f2447,3059.0,Freedom Dr,24.0
32,5,3,3,5.0,2,1,2,4,1,9674d9d4000f1dc473e86a64c69001846ff43ab0,1701.0,Queens Rd W,26.0
33,5,3,3,5.0,4,1,5,5,1,e5ba7390f45119e46ab5ebae053f1cc2e2e3c04f,3701.0,Wilkinson Bv,32.0
34,0,3,4,5.0,1,1,2,0,1,6938fcf00abfb03ba3ec77c07d557ffd8ff90cd4,6798.0,State Hwy 27,17.0
35,0,3,3,0.0,4,3,1,4,2,1f5e1ebd1419bf0299e1dbc72ecfd24d29ca4439,4603.0,Narayan St,20.0
36,0,3,3,0.0,2,1,2,5,0,9b5fec9bd7489ef859660827e5e82d52164363f9,809.0,Charlottetowne Ave,16.0
37,0,3,4,5.0,4,3,5,0,0,60af5864d2143512599616919091d106b9ba4e3f,16200.0,York Rd,24.0
38,5,0,2,0.0,1,3,2,4,1,a9d5cf145239b73ace281fd7b87eae354cca3879,2741.0,Fairstone Ave,18.0
39,0,0,2,0.0,1,3,2,5,0,a3c6ff371024eec7aa3bcc53f28dce98edf8f8ba,6324.0,Windsor Gate Ln,13.0
40,5,5,2,5.0,2,1,2,5,1,48eb6e7a3041c4b9b398166a5e517e98f65ae519,1200.0,Central Ave,28.0
41,0,5,1,5.0,2,1,2,5,1,2d4a94c05e5c70370030c054c524618720d6852a,301.0,N Poplar St,22.0
42,5,3,3,5.0,0,3,0,4,0,a128b67e5cbe6c202d8aa00af1130f9f9f8d6737,11144.0,Ridge Oak Dr,23.0
43,0,0,2,5.0,1,3,2,5,1,d9838779d8eb533de47005a32692d33fd077417d,4500.0,The Plz,19.0
44,5,5,4,0.0,1,3,2,5,1,404d0e4e9d98a9e786c4af1fb9cdbefc4e7bd3fd,1050.0,W Sugar Creek Rd,26.0
45,5,5,3,5.0,2,1,2,4,1,8c8ce1eab51c6ae2ca42dae8d2dcb05896d32c17,1500.0,N Davidson St,28.0
46,5,5,3,2.5,1,1,2,5,1,be04d040c932ee3920a0a08d7a113e78209aa3aa,1275.0,E Bv,25.5
47,0,3,3,5.0,2,1,2,5,1,2ec47b2ef48fbc59b56a0e9d37aa1901e0ffbff7,408.0,S Sharon Amity Rd,22.0
48,5,5,2,5.0,2,1,2,4,1,5378efe2494f501dbdd09f96c3b4f4c4a2cc19d1,9731.0,Cayenne Dr,27.0
49,5,3,2,5.0,1,1,2,5,1,a40b8bbd07fae7017007829070ee91a0eda5da9c,1128.0,N Davidson St,25.0
50,5,5,3,0.0,2,1,2,4,1,ec0e85c2a7d4e87725da20ac3513b0fcfbb632d9,5236.0,Sardis Rd,23.0
51,5,0,2,0.0,0,0,0,4,0,dde48a180440ba007c98aed2a462bb5df683b583,1204.0,Kennon St,11.0
52,5,3,3,5.0,2,3,2,5,1,d4379d449f403073dd35acd3b74357887c78b525,505.0,S Tryon St,29.0
53,5,0,2,0.0,0,0,0,5,1,e3324ca5967f0838b4425072df5c7a1e6d290c6f,219.0,E 7th St,13.0
54,5,0,2,0.0,0,0,0,4,1,f737acab83fdab6e45a67111ed49fd8aeff510bb,10411.0,Willow Run Rd,12.0
55,5,3,3,5.0,0,1,0,4,1,bd4b1decafc864fe393628e1b67e8ce03041d5dc,3701.0,Country Club Dr,22.0
56,0,5,2,0.0,1,3,2,4,1,9dcdb71510f0e0d8dde16ec8197b9df52d0a0e03,2426.0,N Tryon St,18.0
57,0,0,2,0.0,1,1,2,4,1,9aa4b7e4a63c35a49bfd9206ddd7d94ca8e955c6,500.0,N Graham St,11.0
58,5,5,0,0.0,0,1,0,5,1,91bf6bf4fec7617716df7e65768314b705927da4,6002.0,The Plz,17.0
59,5,5,3,0.0,2,1,2,5,1,65a71e670c59847abdaa882259eb997189e2daee,3600.0,Eastover Ridge Dr,24.0
60,5,3,3,0.0,2,1,2,5,1,732c9153d888c852f4bf34ac190c53d796b3bf4f,4400.0,Central Ave,22.0
61,0,3,2,5.0,0,1,0,4,2,6f3c30b20a9225874cb687f650a2e72803275cb0,105.0,S Tryon St,17.0
62,0,3,1,0.0,1,1,4,5,0,fbee12fe8f8201c1eae8ee767e1fe2b6ef8faa61,426.0,Eastway Dr,15.0
63,0,3,3,5.0,2,1,2,5,3,d1e0824077e9db8a66cdf6c084d961b116ac6e1f,100.0,W 3rd St,24.0
64,0,0,3,0.0,0,0,0,5,1,87079eb30a35bdc096e358b304af0580cc05c283,8648.0,J W Clay Blvd,9.0
65,0,0,2,0.0,0,0,0,5,1,c2e4fdb13f3ae6e49f2a2b85f00ce827db4b3aa3,8538.0,Park Rd,8.0
66,0,5,3,0.0,1,3,2,5,1,3462e054df813c335458ddc07e45d8032b329e3e,1403.0,E Bv,20.0
67,5,3,3,0.0,2,1,3,5,1,ffdcd8ed5b8ca40c86327bab5603995cad1edabc,3109.0,Wilkinson Bv,23.0
68,0,3,2,5.0,4,3,4,5,0,51db4c425de14cc6acd8e08ec47acac589571a5e,8635.0,Hankins Rd,26.0
69,0,5,2,0.0,1,1,2,5,1,9c7758b31b9dd59b510e45cf19987711775e453d,103.0,E 4th St,17.0
70,5,3,3,5.0,1,1,2,5,1,8bab44f5738a68fb8a5ce2cbd45d383de7f1bd82,12749.0,Sam Neely Rd,26.0
71,0,5,1,0.0,1,3,2,5,0,f6b9405d8dd8547223c1465be4561d67f087e7f6,2833.0,Freedom Dr,17.0
72,5,3,2,2.5,2,3,2,5,1,638277259451f001ee8b385efd1544ac84f29d96,1620.0,East Blvd,25.5
73,0,5,3,0.0,1,1,2,5,1,1a234ed332c1f2d40b8ff3bf42bb793c525de360,3838.0,Sky Haven Dr,18.0
74,0,3,2,0.0,2,1,2,5,0,e3670007b43047bb3153995ebdd96af7133259fe,1300.0,S Tryon St,15.0
75,0,3,2,5.0,1,1,2,4,1,635ac19f15bef8285ddc510c864a63418e2ade66,105.0,S Tryon St,19.0
76,5,3,3,5.0,1,1,2,5,1,4e4e5f40d95ce3758cb220572cc12796027547ea,3560.0,W Bv,26.0
77,5,5,3,0.0,1,3,2,5,1,a6e75c75486228d5e58308366cae7932c06c5ad6,5550.0,Albemarle Rd,25.0
78,0,5,2,5.0,2,1,3,5,1,7a37818ce6b5fd0a4244a478c5f0ffc55ac9bcad,10660.0,Park Rd,24.0
79,5,3,2,5.0,1,3,2,4,0,083cfa855bc0aefca9eb5436dc016595cd4674db,219.0,Bradford Dr,25.0
80,0,3,0,5.0,1,1,2,5,1,449255bafcd87b977d29c7fbe4755d360186116c,8525.0,Park Rd,18.0
81,5,3,3,5.0,2,1,2,4,1,4e7bd80a911bd54e05e27463fc34f532f132542f,2532.0,Windsor Crescent Ct,26.0
82,0,3,3,5.0,2,1,2,5,1,33087bef64576b5d54972f2c9c2c00541eaf1f73,,I 485,22.0
83,0,0,3,0.0,2,1,3,4,1,61bbbd22428198f87f28f8a6c2fb8f73a40a1017,10201.0,Providence Rd,14.0
84,0,5,3,2.5,2,1,2,4,1,f316f41fa201e57f1255c3c0a6362e32f513052a,9901.0,Johnston Rd,20.5
85,5,5,3,0.0,2,1,2,4,1,fcb4d0da9ade436f30cdb18675423426f2001db0,10805.0,University City Blvd,23.0
86,5,3,2,5.0,4,3,0,5,0,accc1d585419e50250b68dda21d76fb4d0ec2411,313.0,E Trade St,27.0
87,5,3,2,5.0,2,1,2,4,1,f255d1bfb60e2a586ecc7d424163e851bddd2bd1,5119.0,Split Oak Dr,25.0
88,0,3,0,5.0,1,3,0,4,0,b3ce6ca3633cfbba35fb07dc125610f61af8c651,6320.0,Amos Smith Rd,16.0
89,5,3,3,5.0,0,3,0,4,0,efdaa9c28df8ec35ceb5f68e3ff46a1a374178cb,1737.0,Queens Rd W,23.0
90,5,3,1,5.0,4,1,4,5,2,1262d365c9e78ae9e4cc2c62aeec151ea560cf11,6025.0,General Commerce Dr,30.0
91,5,5,2,0.0,2,1,2,5,2,5ca5db150ef6d5cf1c8152dd98bec859bd1a0e58,4355.0,Providence Rd,24.0
92,0,0,2,0.0,0,0,0,5,1,46445f54d9a33d2a52bd9768f6ea3d069e64e2d2,10405.0,Park Rd,8.0
93,5,3,3,5.0,1,1,2,4,1,3419f180f28a360265ecf2193622c5dcd51d2fc4,2020.0,Sebastiani Dr,25.0
94,0,3,2,5.0,0,3,0,4,0,030a27bcd0f529f685995649ce0b0fed790627af,12798.0,Tom Short Rd,17.0
95,5,3,2,5.0,2,1,2,4,1,7dedd900b2831241969fcb039c1bd450cb78a144,2731.0,Beatties Ford Rd,25.0
96,5,3,5,5.0,4,3,1,5,1,fc01afe3022e71865decc06d9c37759156e926af,8512.0,Wilkinson Blvd,32.0
97,0,3,2,5.0,1,1,2,5,1,92ed6166f88a2775522eca6fcc20af5c1e2cd89e,6120.0,Prosperity Church Rd,20.0
98,0,3,2,5.0,1,1,2,4,1,ec869c236045d4ff2a35d3bd9694be1068164903,503.0,Hawthorne Ln,19.0
99,5,0,3,5.0,1,3,2,4,1,54c5d62185fc28bc24882cc45cdc0e6e57199f2c,5706.0,Fairvista Dr,24.0
100,5,3,2,5.0,4,3,0,4,1,d45ad326b73e27b727493d7cf7189f5347b0a6f0,8603.0,Lawyers Rd,27.0
101,5,3,2,5.0,0,3,0,5,1,aaa2f18068975180f3c2abefeb913ccab4de1e9f,235.0,N Tryon St,24.0
102,5,5,3,0.0,2,3,2,5,1,ae0927cac08921694f8331a12bdbfd1617a64528,4410.0,The Plz,26.0
103,5,3,3,0.0,0,3,0,5,0,d87e6445196b4956deb5365e867d4ec7bbd0ed83,4521.0,S Bv,19.0
104,0,5,3,0.0,1,1,2,4,0,c41f93a52743be0d70113e4737c67bbc19fd2536,8415.0,E W T Harris Blvd,16.0
105,5,3,2,0.0,2,1,2,5,1,39107f5c5f4471379cd22cd3960c9f31acca695c,1534.0,Wembley Dr,21.0
106,5,3,2,0.0,2,1,2,5,1,ba32e6951544099a8fc562b1c7bff60bd3779335,1715.0,Alleghany St,21.0
107,5,5,3,0.0,2,1,3,5,1,7ae16ed48ef66e15510e9b2f07912a59f8e3b5d6,1512.0,Abbey Pl,25.0
108,5,0,2,0.0,1,1,2,5,1,1f7b9498ed7d1cd21a4df6b70b6a615c495d901c,4346.0,Park Rd,17.0
109,0,3,1,5.0,0,1,0,5,0,ac24d9179616388e4d708916104a4471b9714b2d,5314.0,Pineville-matthews Rd,15.0
110,5,5,3,0.0,1,3,2,4,1,c5f48a33afd01e9f70cfa47072eba18257b55cae,3311.0,Providence Rd,24.0
111,5,3,2,5.0,2,1,2,5,1,e7c5307204d191180821fdfc08811edcb1967571,1342.0,Alleghany St,26.0
112,5,3,3,5.0,2,1,4,4,1,dee5560a558860e5ebb1678ece8bb21db02fbb76,1005.0,Pavilion Bv,28.0
113,5,5,2,5.0,2,1,2,4,1,d21a44af18d6a4bf4596fadb3fae3f662f84d88c,6724.0,Wilson Grove Rd,27.0
114,5,3,3,5.0,1,1,2,5,1,8e9f9576386793d9ab51f5ec8c206ae74597a864,6915.0,W W T Harris Bv,26.0
115,5,5,2,0.0,1,3,2,5,1,8d0ff10ddfdcae3987437689cf14737435440e9a,9702.0,Monroe Rd,24.0
116,5,3,3,5.0,4,3,5,4,1,02864301984894446720fd6fd4a242f6655c4e30,1422.0,The Plz,33.0
117,5,5,1,0.0,2,1,2,4,1,db2c7cb4106120e29287ac90ee742254840ad515,3925.0,N Sharon Amity Rd,21.0
118,0,3,3,5.0,4,3,4,5,0,a15be833e8d402cc8e924fdd35f8f3c9d07e66b8,900.0,Center Park Dr,27.0
119,0,3,3,5.0,2,1,2,4,1,21a5cb4792177d372688cd18484665744dbbe40e,6402.0,Clarke Creek Pkwy,21.0
120,0,3,1,0.0,2,1,2,5,1,d3cad78f7ee50a1b9d40f01967fde7189d8d7212,2753.0,Cowles Rd,15.0
121,0,5,3,0.0,1,3,2,5,1,ac528a219ede72df7e6641d4600453394a1ce3d5,1685.0,N I - 85 Svc Rd,20.0
122,5,3,3,0.0,1,3,2,5,1,eddd88676e0fc1caee2d0ce2110d56157efa5eb4,9103.0,Albemarle Rd,23.0
123,5,3,3,2.5,4,1,4,4,1,44e578685d3fa120331850f64b3f7f486ef27d43,2102.0,Queens Rd W,27.5
124,5,5,3,0.0,1,3,2,5,1,0725e470a0a9f3a887851280d2521fe552dbea20,6602.0,E W T Harris Blvd,25.0
125,0,3,3,2.5,2,3,2,5,1,86d0cf209bef11867c3686a107c286b204bec421,1608.0,East Blvd,21.5
126,5,3,2,5.0,1,1,2,5,1,01e0581cc725ccfc1da3249e325be597c95ec416,1069.0,Coddington Pl,25.0
127,0,3,3,5.0,2,1,2,4,1,5d954d3b71d48ac4231fb417cd228425b912ee65,6926.0,City View Dr,21.0
128,0,0,4,0.0,0,0,0,4,1,71e6a82d688b2bb2098e256aa0f453ee75d7cc51,8407.0,Habersham Pointe Cir,9.0
129,5,3,3,5.0,4,3,5,4,3,40f2d425a970ff1684bba814cd3e232472230b65,1105.0,Moray Ct,35.0
130,5,5,2,0.0,1,3,2,5,1,38052fb98b496f0ca6cf8bde53848c0ee1632a5e,2732.0,Wilkinson Blvd,24.0
131,5,3,2,5.0,2,1,2,4,1,5dd7b980c2766195418c3b29cacc2c1d15fff6ae,2009.0,Nolen Park Ln,25.0
132,5,0,3,5.0,1,3,2,5,1,4a4f4878922bc5e0feb12d20b1fab0026426690e,1304.0,E Woodlawn Rd,25.0
133,0,3,2,5.0,2,1,2,4,0,5fd4bcec47e684f9f95d4a1affacc1c7c57fc710,7335.0,Wilson Grove Rd,19.0
134,5,0,3,5.0,1,3,2,4,1,9d571ab313961a9b1aa41f5350fe50169724da6f,2332.0,Julia Ave,24.0
135,5,5,2,0.0,1,3,2,5,1,102d187361e1afdf83983754089e9d66b4098b98,8834.0,E W T Harris Bv,24.0
136,5,3,2,0.0,2,1,2,5,1,8aa86b8acd4ae0c78e1e5ed1c64ea946802b27e1,1202.0,W Sugar Creek Rd,21.0
137,5,5,2,5.0,2,1,2,4,1,97072187b716b0ccfc2cd54b7c13824e00480bfd,5536.0,Joyce Dr,27.0
138,5,0,2,0.0,0,0,0,4,1,ec4477b806086c0834405ac87f21ad01c29dc1c5,7029.0,Fernwood Dr,12.0
139,0,0,3,0.0,0,0,0,5,1,54cdb1825699d2e71ccb7b62def7abf4d63418b9,8437.0,Davis Lake Py,9.0
140,5,5,2,0.0,1,3,2,5,1,450557826952b3467687194c01739b2be08ee8c6,6605.0,Fairview Rd,24.0
141,0,0,2,0.0,1,3,2,4,2,305260484c6308d7e38cc22119513a22d73557e6,5620.0,Flagstaff Dr,14.0
142,0,3,2,5.0,2,1,2,5,1,24aed0a9dd2ec6956a84786f798a9ccaf9e8f288,3948.0,The Plz,21.0
143,5,3,3,5.0,1,1,1,4,1,f7a4064cda3940cfe271b5c82e16a7aaf76e57ad,9406.0,Steele Creek Rd,24.0
144,5,0,2,0.0,1,1,2,5,1,0cf0d3c4b1f0de1727f717c3d00d9427134d5735,2605.0,W Arrowood Rd,17.0
145,5,3,3,5.0,4,1,5,4,1,a76baf07b51c1c9987e3d976845056557c65c25b,3064.0,Uxbridge Woods Ct,31.0
146,5,3,3,0.0,1,3,0,4,1,9fbe2abca811e8e050f9d260ea4db3cab34d778f,6635.0,Mounting Rock Rd,20.0
147,5,3,3,5.0,0,1,0,4,1,ca0d03b4df5a867816e704819d74202b48140ea0,4201.0,Back Creek Church Rd,22.0
148,0,5,2,0.0,2,1,2,5,1,c7c8af616e77d04879d2d98281a353d41df88f80,8732.0,University City Bv,18.0
149,5,3,3,5.0,1,1,2,4,1,88e1a5351de78e377578a4d474017db7acf400bf,708.0,Pecan Ave,25.0
150,5,5,2,5.0,2,1,2,4,1,7202c14693334bfcd1e3d10e878dc75b1a8ef989,8235.0,Monroe Rd,27.0
151,5,0,3,5.0,2,1,2,4,1,513400fc4fc5c1739f9c890bff7253e366b90df6,1932.0,Allen St,23.0
152,5,3,2,5.0,1,3,2,4,1,42066d69bc477e8dad77f7c20a412c2ccf4c4529,2365.0,Sharon Rd,26.0
153,5,3,3,5.0,1,1,2,4,1,1e3084ae85625c49b6b89246498df0c805dc670b,6599.0,Pineville-matthews Rd,25.0
154,5,5,2,0.0,0,1,0,5,1,abc1a22b65ba7dab43a90e420ab630c6578f2c2f,6229.0,Carmel Rd,19.0
155,0,5,2,0.0,2,1,2,4,1,1621176e4464fce07461e43df08d6d18aef72642,10767.0,S Tryon St,17.0
156,0,5,1,5.0,2,1,2,5,1,7535d389f8b8591ffc09274f80300e12efa11f2e,7101.0,Harrisburg Rd,22.0
157,5,3,2,5.0,2,1,2,5,1,afed5a67885fd82dd5529af8356d506275e9f560,1103.0,Reece Rd,26.0
158,0,3,1,5.0,0,3,0,5,1,8fc904a454153ccd6fd5e8f72f90470cdc3f09ae,5600.0,Statesville Rd,18.0
159,0,3,3,5.0,1,1,2,5,1,9be1f29cc491a5435b5996c8e6d1e498a6610c3d,10329.0,Park Rd,21.0
160,5,3,3,5.0,2,1,2,5,1,210dc6fcdacf16f4ae62fceec529555b1e1920ee,4912.0,Sunset Rd,27.0
161,5,3,3,0.0,2,3,2,5,1,bdc10ece037e86563c545f2bd48cfb72629ad198,1403.0,E Bv,24.0
162,5,5,2,0.0,2,1,2,5,1,aacffa5eb7b55e0fbaa252c67acfbbfa83aa576b,8249.0,N Tryon St,23.0
163,5,0,4,5.0,1,3,2,4,1,dc81a090fba3b000d930cb3337c692c7027e82c7,1316.0,Remount Rd,25.0
164,5,0,2,5.0,0,3,0,4,1,aef4f1b1e85831bf3cc43bf368680dbcfbe8514d,902.0,Rodey Ave,20.0
165,0,5,2,0.0,2,1,0,5,0,f1aa5249767e5dbf6e85eb91f27ad0f84363c111,2501.0,Freedom Dr,15.0
166,5,5,3,0.0,0,1,0,5,1,b0b1c4187c1ae134f23347d4e9845467052810b8,1715.0,Pineville-matthews Rd,20.0
167,5,0,2,0.0,1,1,4,5,1,bc9745f9784f8815d339883a523f7b76ba74a4b1,5137.0,Central Ave,19.0
168,0,3,5,5.0,4,3,4,5,1,37a61e7b2f1e5e9646d013aacd7a074e9708b2b7,7321.0,N Tryon St,30.0
169,0,3,1,5.0,0,1,0,4,1,8ca4cc0a370f254b1a67f274fec4ca63632bce58,229.0,E Kingston Ave,15.0
170,5,3,4,5.0,1,1,2,4,1,f9de338dafb42075305e3becb66cb07d47b8824f,201.0,Skyland Ave,26.0
171,0,5,2,5.0,1,3,2,5,1,bf8f1f22d92e0b7a34f0fe464cd281230cfa692c,4004.0,Monroe Rd,24.0
172,0,5,3,0.0,4,3,4,4,1,6e6e19bd7de49355d065cb06705837e23271983f,2009.0,Lasalle St,24.0
173,0,5,1,0.0,1,3,2,4,1,f5bc52af934341402b9c85f1d52c89179d6f6eaa,6314.0,Albemarle Rd,17.0
174,0,5,2,0.0,1,3,2,4,1,6f50fb67083ae0c0790b59fbdc3b3ddebd86c841,3101.0,Providence Rd,18.0
175,5,0,3,0.0,1,3,2,5,1,2a8652838f06b6146b4730ff514d94e5a9326fa5,613.0,Providence Rd,20.0
176,5,5,3,0.0,2,1,2,4,1,39fae5ec78ad9da01b95e30d09830431e409514d,5149.0,N Sharon Amity Rd,23.0
177,5,3,3,0.0,2,1,2,4,1,e1d6ccd85a5d8ebe8ddabcf459c56c3f102c1fbd,2299.0,Beam Rd,21.0
178,5,3,2,5.0,4,3,0,5,0,2135421813153b0f6965f6739a52a6a6afa02b53,8106.0,Providence Rd,27.0
179,5,3,3,5.0,1,1,2,4,1,3176b70db8c8569dac299c4ae43aedc15e2e8558,3541.0,Cotillion Ave,25.0
180,0,3,3,5.0,1,1,2,4,1,386e2f57d546fc3a2394da81e1b9675b4fbddb0f,2128.0,The Plz,20.0
181,0,0,3,5.0,1,1,2,4,1,2ce6810679fdbe638daf80ab32261cf3173f207b,2003.0,Belvedere Ave,17.0
182,0,3,1,0.0,1,3,0,4,1,e1c79c7cf9a9ef18356a71040fffb2298db877ea,11341.0,Erwin Ridge Ave,13.0
183,5,3,3,5.0,1,1,2,4,1,f8824323c4d381d13988bfe004adc286cb4deb09,3901.0,Sulkirk Rd,25.0
184,5,3,3,2.5,2,1,2,5,1,a9505b6740074a16f1365354ef8933c2ab08c21b,1500.0,East Blvd,24.5
185,0,0,3,0.0,2,1,2,0,1,e1166508e73ce0b246b2bc3eb759af21988b4b99,1100.0,N Graham St,9.0
186,5,3,4,5.0,2,1,2,4,1,5456b8633b622d340dafcb08820686f7745c6963,629.0,E 18th St,27.0
187,5,5,2,0.0,1,3,2,5,1,325f1cbaf8dac8b83f0629ba04ca5f9007ede187,2547.0,West Blvd,24.0
188,5,0,2,0.0,0,0,0,4,1,ab5037fa43273d38a64ef0e90ac96bfe78876a00,6136.0,Kestrel Ct,12.0
189,5,0,3,0.0,1,1,4,5,1,1922763df969920d85352f1ffab907ef47dfe298,1781.0,N I - 85 Svc Rd,20.0
190,0,5,2,0.0,1,1,2,5,1,cd302ca9ac95383a32d1b7250cc37acf738604f7,106.0,E Trade St,17.0
191,0,3,3,5.0,2,1,2,4,0,5a2768580087c18d72a608d234b350626c44aeea,3501.0,Central Ave,20.0
192,5,3,2,2.5,4,3,4,5,0,541304f09e44e0c64a406ed973c2cf77d0e4067d,7929.0,Statesville Rd,28.5
193,0,0,1,5.0,1,3,2,4,1,a7f2e71f558a865aab521dffb9df8da234d7a041,4203.0,The Plz,17.0
194,5,5,2,0.0,2,1,3,5,1,2b2fc0270d393556f1ba3ef7cc79dabfa913b00f,127.0,N Cedar St,24.0
195,5,5,3,0.0,2,1,2,5,1,53a44b8bc871da6fc687b031e668d85d9dce3d32,6500.0,Fairview Rd,24.0
196,5,5,2,0.0,1,3,2,5,1,2352512f17d4df09bf5b90a1a2eb7f52644c22d9,9103.0,Albemarle Rd,24.0
197,0,3,2,5.0,2,1,2,4,1,2740818de26b3cb2c76a97cd3fdc12f52a177931,1801.0,Queens Rd W,20.0
198,5,3,3,5.0,2,1,2,5,1,a306a493b95ed83a7ed994082158376cede40c1d,303.0,N Poplar St,27.0
199,5,0,1,5.0,0,0,0,5,0,d81fae561a8726d6b1e45718cbd9e4d23a706853,3226.0,Wilkinson Blvd,16.0
200,0,5,1,0.0,1,3,2,5,0,a56053d8b248ee43f3c680b4dcb79f7229e4ec09,100.0,W 3rd St,17.0
201,5,0,3,5.0,2,1,2,4,1,e5b471fa8c2128f33e021e2bb987229b3c77a32e,3024.0,Whiting Ave,23.0
202,5,3,3,5.0,1,3,0,4,0,3140ce8903491b5e172a91fb12f676a322d728bf,6500.0,Deermont Ct,24.0
203,0,3,2,5.0,4,3,4,5,0,815c679e38a52becb003699e85479914d65e9ef7,4220.0,N Tryon St,26.0
204,5,3,2,2.5,1,3,2,5,0,11797dadc96c8869d735b5c69e3758ebea5e565a,2400.0,N Davidson St,23.5
205,0,5,2,0.0,2,1,3,5,1,15ef310c8a11993fc8e29dc3bd2ac805c7971eba,3221.0,N Tryon St,19.0
206,5,0,1,0.0,1,1,2,5,1,fd6a624336dd6fa9e9a84d4e8e63113041378061,545.0,Providence Rd,16.0
207,0,3,2,5.0,4,1,4,5,0,a1b1b298ce1b6fee67f618765a20126042fa21c2,701.0,N Graham St,24.0
208,5,5,2,0.0,1,3,2,5,1,fd155ade0a4e210625c6573d5ec74ba4b994f1c5,435.0,Clanton Rd,24.0
209,0,5,2,0.0,2,1,2,4,1,18f6cf026933445700e2a82377cc6c69cd794836,7506.0,Idlewild Rd,17.0
210,5,3,2,5.0,2,1,2,5,0,2ed473a71232af910a62bd4bd21560960782c4d7,601.0,N,25.0
211,5,3,2,5.0,4,3,1,4,1,18287dc53d9e43898568904e3fb74870b9fb9f2e,8301.0,Moores Chapel Rd,28.0
212,5,5,3,5.0,2,1,2,5,1,4937fe32290315bf83653e6bd3afb5bd501db80a,129.0,S Church St,29.0
213,5,5,3,5.0,1,3,2,5,1,f36ff161e71c39255beba6ccd40c6548c13e42e0,3215.0,Queen City Dr,30.0
214,0,3,3,5.0,2,1,2,4,1,7659fd7553f5cd178d8f9e9bd98b40c2fe69bbc4,8800.0,Moores Chapel Rd,21.0
215,5,3,3,5.0,2,1,2,4,1,3bf796600083a914f141212084736aa0d93675e3,1869.0,Queens Rd W,26.0
216,5,5,2,0.0,2,1,3,4,1,315f51d0ec7142f444c55f58ad719b5c8ff20636,4400.0,Randolph Rd,23.0
217,5,3,3,5.0,4,3,4,4,0,84e2f1a756f0a6302306e7c4d2440168e086cdb3,3419.0,Pine Meadow Dr,31.0
218,0,3,1,5.0,1,1,2,5,1,03e2f717e9f0b0793740389411faf3d1dd5db31e,110.0,S Caldwell St,19.0
219,0,3,3,5.0,1,1,2,5,1,8725864790fee860071ba58bb599e16155734375,1436.0,Elizabeth Ave,21.0
220,5,3,4,5.0,4,3,4,0,0,ef050cbb1a831d0358ecfed79afa2c0c59a8a57a,4239.0,State Rd 2828,28.0
221,0,0,2,0.0,1,3,2,5,1,d4029d98f26c361f93d9ab256db334ea3efc7011,4903.0,Old Pineville Rd,14.0
222,0,3,0,5.0,4,3,4,5,0,8304dd4eea10650905d665620474b7e4705a6008,3718.0,Eastway Dr,24.0
223,5,0,3,5.0,1,1,2,4,1,2b00d4ddbf86df93d6d7c86462b347b8a51534e0,6735.0,Fisher's Farm Ln,22.0
224,5,0,3,0.0,0,0,0,4,1,790828678202b017085f977bc1d978e9a6b3f064,9409.0,Old Concord Rd,13.0
225,0,3,2,5.0,0,3,1,4,0,7c550b13d2681c0c2969d983df3369220dd92c56,5844.0,Lagrande Dr,18.0
226,5,3,2,5.0,4,1,0,4,0,10ba25c57fd5e86a25464db820e26ae3835b9236,5446.0,Statesville Rd,24.0
227,5,3,3,5.0,1,3,2,4,1,363cadfb65a9208ca80cfadec2994e08a92c0fa7,4840.0,Nevin Rd,27.0
228,5,3,3,5.0,2,1,2,5,1,eb04514b27f900563c52d925b8b559f0a5a6d9ff,3229.0,The Plz,27.0
229,0,3,2,5.0,0,1,0,4,1,f05dff3556c7a257afe3a35152efd30c378513eb,1326.0,N Davidson St,16.0
230,5,3,3,5.0,2,1,2,5,1,a84c0df2656c315f6c1ee5ad9aa88f23081a88b4,3116.0,The Plz,27.0
231,0,3,2,5.0,2,3,4,4,1,054531b35aa04cd087850e514084c7bdc319b7c4,8621.0,Stonehurst Dr,24.0
232,5,3,4,5.0,2,1,2,4,1,e1678258f03a126a700ae421210267897fc92c91,5501.0,Queen Anne Rd,27.0
233,5,0,3,0.0,2,1,0,4,1,498a4de75d2d5476be66fe3d15b9df737b296975,4315.0,Providence Rd,16.0
234,0,0,3,0.0,0,0,0,4,0,b31e42431f353a9428ec5f6d22c92a869cb5d9fe,9820.0,Monroe Rd,7.0
235,5,3,3,2.5,4,3,1,4,1,18a60cc7f5017edbe46ebe6fa859fbbf0404756c,,I 485,26.5
236,5,3,4,5.0,1,3,2,5,1,851c4726563daca46cecae72f0b1cc4cbb21f706,6514.0,N Tryon St,29.0
237,5,5,2,0.0,1,3,2,5,1,93f3a307bf8ae73016ddcb486a3789041dc4fe6a,6007.0,Albemarle Rd,24.0
238,5,5,2,0.0,1,3,2,5,1,31611a7f11255db783e44be93bf60acc138fd653,2729.0,W Sugar Creek Rd,24.0
239,5,3,3,5.0,1,3,2,5,1,ffdb8eeed333abb21be27a7c4dd50600c7880c5e,10325.0,Park Rd,28.0
240,0,5,1,5.0,2,1,2,4,1,908cf501b1942e0250acbea5129cc122464345ad,1700.0,Eastway Dr,21.0
241,5,3,1,5.0,1,1,2,5,1,24698bcf4f1f40436b4eb9a78066164d630f8a68,4005.0,S Bv,24.0
242,0,3,2,5.0,4,3,4,4,0,403b48a8f6fffe8be2b45d5a6f70eead56187303,3545.0,Sargeant Dr,25.0
243,0,0,2,5.0,2,1,2,4,1,f49ba5dd3e081cdaa922e52c5d618267fdb2eeda,4512.0,Wynbrook Way,17.0
244,0,5,2,0.0,2,1,2,4,1,f1140c17644d382dfd30baaeb0ce868e5fc654e2,7522.0,Park Rd,17.0
245,0,3,3,5.0,2,1,2,4,0,da46a90277b5d708007db78b9cddd068cff19024,2657.0,Kenhill Dr,20.0
246,0,3,3,5.0,4,3,5,4,1,c6fa5ee119f8f5549955055896c7e19c033c6f37,10200.0,Harrisburg Rd,28.0
247,5,5,3,2.5,1,1,2,4,1,1a4fb835b28fac55241d945c0401bb56bf73080b,728.0,N Caldwell St,24.5
248,0,3,3,5.0,1,1,2,5,1,a8ab7476eac406999ebb111aea205cd30fc5826a,12708.0,Johnston Rd,21.0
249,0,3,3,5.0,2,3,2,4,1,eab8af0565e67aa19c1fa7d2f498782784ecc58f,2200.0,The Plz,23.0
250,5,3,3,5.0,1,3,2,5,1,5a9fd8f3ff8ace08f0be6eb57d4c180dd3dfd3c8,2308.0,Central Ave,28.0
251,0,3,2,5.0,0,3,1,4,1,f65bfa1b38cc33e9e035e49d25802d33ee7bcc8b,2733.0,Marney Ave,19.0
252,5,0,2,5.0,1,3,2,4,1,267c07465b9b331fe6809eb3d7249f417c0ef757,9225.0,Apple Pie Ct,23.0
253,5,5,3,0.0,2,1,2,5,1,3bdd54535c6108c71f79e84fbb3bd49ba34bdbb5,10223.0,Park Willow Dr,24.0
254,5,3,3,2.5,2,1,2,5,1,5a68318d0ce95262e8fd704781398b09b9e2be55,1538.0,East Blvd,24.5
255,0,5,1,0.0,2,1,2,4,1,9526dee149892661864ff88bce8312d964dfc67d,6101.0,Quail Hollow Rd,16.0
256,0,0,1,5.0,2,1,2,5,1,fa35a1967dea8aa128fb6a210db74959c264af75,10700.0,Blue Heron Dr,17.0
257,0,0,2,5.0,1,3,2,4,1,a2429eb1666706f142647dd95f638c0d6035090d,7425.0,William Reynolds Dr,18.0
258,0,3,2,5.0,2,1,2,4,1,a547e46f9ad3e4b1449912b5e00dd867bcb3699a,11710.0,S Tryon St,20.0
259,0,3,2,5.0,4,1,4,4,0,d56e8704f5fba3c5b72bdaf739231244595c7e61,1010.0,Tara Ln,23.0
260,5,3,3,5.0,2,1,2,4,1,6fb64b9445eb0784046baf4e1d063194831d0f9b,5031.0,Oak Pasture Ln,26.0
261,5,5,2,0.0,2,1,2,4,1,743a34c5ccbc66003caf5fc06148a72418a53cfd,1700.0,The Plz,22.0
262,0,5,3,0.0,2,1,0,5,1,3e94ec0eb079c7e45cb962cd4f058ad52447db92,229.0,S Caldwell St,17.0
263,5,3,2,5.0,2,1,2,5,1,5658c95a06b54ba30308c8b8d91a73a4dac718b7,3000.0,Beatties Ford Rd,26.0
264,0,3,3,5.0,1,3,2,4,1,8c8e9fb20b40f44e9d31717fb10113d5c3f77de3,15917.0,Steele Creek Rd,22.0
265,0,5,3,5.0,2,1,2,4,1,971739d7c51e75d8802c8b5ba89d87da1a6fa2be,3136.0,The Plz,23.0
266,5,5,2,5.0,2,1,2,5,0,5b10561ed86647ae819fa2b2155a294b63a0167a,3133.0,Pineville-matthews Rd,27.0
267,0,3,2,5.0,2,1,2,5,1,3a91dadabdb62d964503619bfd970cf23fc70c97,1544.0,Camden Rd,21.0
268,0,5,2,5.0,1,1,2,5,1,ccc4a9437412642dd47b2905f9ed9e8ad801d87c,6100.0,S Bv,22.0
269,0,5,2,5.0,2,1,2,4,1,00f33b12be023b4a16f686cd45768f8cd2b7a57e,7124.0,S Tryon St,22.0
270,5,3,5,5.0,1,1,2,5,1,a31323496aa53ed265495577a390f44c2dbe7f9e,3303.0,Monroe Rd,28.0
271,0,3,2,5.0,2,1,2,4,1,7390efa841b78310e37d9f1ddd24fbfc40b45dd4,6701.0,Ellendale Dr,20.0
272,0,5,1,5.0,2,1,2,5,1,346ff7f26e45fa65e27d255b453d836f5515fae1,3819.0,Beatties Ford Rd,22.0
273,0,3,3,5.0,2,1,2,4,1,390d44ee0e78846d5c6fbb824a91e407b7cb7157,6800.0,Monroe Rd,21.0
274,5,0,5,5.0,1,1,4,5,1,38947eae6fd753d73ea9218789e9d4562f81cbc6,2535.0,S Tryon St,27.0
275,5,0,4,0.0,1,1,4,4,1,0445637e309b05b7b37333b5f88c45ba1a7fb9a0,9602.0,Aventide Ln,20.0
276,0,0,1,0.0,0,0,0,5,1,0781d7973e37e912b08b0b105b491cc39b32fe7f,9515.0,S Bv,7.0
277,0,3,1,0.0,2,1,0,5,1,fabedd81a024e54dfa257dd9113d4ac300f1bf7d,1600.0,W Morehead St,13.0
278,5,3,3,5.0,2,1,2,5,1,e5315225864d8ef2cb0a538702747050ad5e8840,10903.0,Elm Ln,27.0
279,5,5,3,0.0,2,1,2,4,1,e88be1456bf7121735ac92f32ca460a3a39d6de8,7727.0,Monroe Rd,23.0
280,5,5,2,0.0,2,1,2,4,1,b95803226523008b330105cd0e471ade055dacf9,1700.0,Eastway Dr,22.0
281,0,3,2,5.0,1,1,2,4,1,df6ac598d79542fba26b5ccc59c9058309c60f5a,824.0,Jackson Ave,19.0
282,5,5,2,0.0,1,3,2,5,1,eb972df00308fc28d143b6171d7be7aeea9bdd4c,7138.0,E W T Harris Bv,24.0
283,5,5,2,0.0,1,3,2,5,0,d24dccb678b2f64afacdf8af8b609f6261e26562,1108.0,Elizabeth Ave,23.0
284,5,3,3,5.0,0,3,0,4,1,624c8e95c0b1f927707849d74479f072c608ef3a,417.0,Hilo Dr,24.0
285,5,5,2,5.0,0,1,0,4,1,7ad3fe359413092e68ea922bcb4183d6040d501c,106.0,Fielding Rd,23.0
286,0,5,2,0.0,1,3,2,4,0,0afdd5219caabb7b7cd3d32fb930c7333af1a0b5,7556.0,Petrea Ln,17.0
287,0,0,3,0.0,1,3,2,5,1,e4ada4b1edeb7678eef51b7cb23e4141800fffe9,211.0,N Church St,15.0
288,5,3,2,5.0,4,3,5,4,1,cbb5254e034ea66eb88dc9c113b8e2e0d3799f4f,142.0,Valleydale Rd,32.0
289,0,3,2,5.0,4,3,4,0,1,dab5fb6f89797979e4f242455afc54a487387dfe,9030.0,Plaza Rd Ext,22.0
290,5,3,2,2.5,1,1,2,5,1,14330ac0cb522672b6018cd2f4244a999692f96f,300.0,East Blvd,22.5
291,5,5,2,0.0,1,3,2,5,1,eb1741c46ce9a5ec9d745923f8875b0a20dca7fd,6230.0,Albemarle Rd,24.0
292,5,0,3,5.0,1,3,2,5,1,ee307633d439b47ac6db9591ba5a0aac5ee6545f,3925.0,N Sharon Amity Rd,25.0
293,5,3,2,5.0,1,1,2,5,1,67e5d238655f82ec7621ff809b1f401adb2be0be,105.0,S Tryon St,25.0
294,5,5,2,0.0,2,1,3,4,1,112bce395e3c547688b50d9cc66371b2f3726146,2100.0,Kilborne Dr,23.0
295,5,3,4,5.0,2,1,2,5,1,82c370124dccbb54714f9ea16a1d2b6aedc746b6,3013.0,Statesville Ave,28.0
296,5,3,3,5.0,1,3,2,4,0,c243f62745e7a7e5557deb83e04e210aaf9756ee,1217.0,S Caldwell St,26.0
297,0,0,1,5.0,1,3,2,5,1,4b241c1049096b1759fb3f50f630556dc4ebbb28,1781.0,N I - 85 Svc Rd,18.0
298,0,3,2,2.5,2,3,2,5,1,3ff32d94db73c9a182c6b18b9a1aeec1f6b68595,401.0,W Trade St,20.5
299,5,3,3,2.5,2,3,2,5,1,7306ea9b0da51c4b75bdabf0562f811d084dfad1,2858.0,W Mallard Creek Church Rd,26.5
300,0,3,3,5.0,2,1,2,4,1,a183488bfe8710e345692b2119d2e53cafdf4425,6318.0,Park South Dr,21.0
301,5,5,2,0.0,2,1,2,5,1,87b00157e2490e846459a4e17fd5dce3617c15b9,731.0,Providence Rd,23.0
302,5,3,2,0.0,1,3,2,5,1,e1950db61b0b973874f78e95cd38dcbf674696b3,815.0,Atando Ave,22.0
303,5,3,2,0.0,1,3,2,5,1,3caa6b3d14fe0da4bf974b17ef34df254254eddc,1009.0,N Caldwell St,22.0
304,0,3,3,2.5,2,3,2,5,1,9a53fde1a5bdf0af015032b1a7fa02457a9f183d,2117.0,Summertime Dr,21.5
305,5,5,3,5.0,2,1,2,4,1,2dbe0091227b079a0a256b21049e2c634dcf425d,1527.0,Black Kettle Dr,28.0
306,0,5,2,0.0,1,1,2,4,1,70126443ec9b4c4973d9eb3c620948b0bf0835c7,6702.0,Albemarle Rd,16.0
307,5,3,3,5.0,1,1,2,5,1,71389bb1955ed28635fa36c7c1119b1b90c6f539,430.0,W 7th St,26.0
308,5,3,3,0.0,1,1,2,5,1,ea1c990e9c99137b3aea36538f8e70f98e01df4f,10201.0,Old Concord Rd,21.0
309,5,5,1,5.0,1,1,2,5,1,52ce8a2def42443e99c62e03ecd8d73b6f24d05e,810.0,E Arrowood Rd,26.0
310,0,3,1,2.5,1,3,2,4,1,eeaf37b7a6adcea5f2159abb47357d3042501d50,9329.0,Central Dr,17.5
311,5,3,2,5.0,1,1,2,4,1,8286bc0517c915d5307336f57207f8859276d939,1426.0,Queens Rd,24.0
312,0,3,3,5.0,0,1,0,5,1,cc698aeec9668dfc906481ee7a8c69de5964df38,2820.0,Wilkinson Blvd,18.0
313,5,5,2,5.0,1,1,2,5,0,60c225fbc3c1bc31d52d882b1c92781205ef6175,1967.0,West Blvd,26.0
314,5,3,2,5.0,2,1,2,4,2,038704a7cddb80695b2bd36338201faa0bc4ae20,1400.0,Kennon St,26.0
315,5,3,1,5.0,2,1,2,5,1,6c666eeec0fccc92eeef3e59b4162c92fde95711,625.0,Pecan Ave,25.0
316,5,5,2,0.0,1,1,2,5,0,b6cf65ca563b1e7a14bf35bbbf4cfcdd08a02d7a,1547.0,West Blvd,21.0
317,0,3,2,5.0,1,1,2,5,1,7c31def72ab8f6d8c4e02d1f2c60cfef6aa79251,200.0,Nelson Ave,20.0
318,0,0,2,0.0,1,1,2,4,1,f039b7759492d21accf9c620a858561098c878cb,6100.0,Hunters Crossing Ln,11.0
319,0,0,2,0.0,1,1,2,5,1,5e26980ce24ccd56674b10b6dceb68a5d856a22e,810.0,E Arrowood Rd,12.0
320,0,3,2,2.5,1,1,2,4,1,090c744c163fd378bafd2bbed1c4ec3dd0113cfa,6803.0,Colony Rd,16.5
321,0,3,2,0.0,1,1,2,5,1,d044c66cfc6567d000153b7af33a1af261b86c44,,4,15.0
322,5,0,2,0.0,0,0,0,5,1,e9b141dadf72df2c69f098b6bde0d8af98287d23,3600.0,N Tryon St,13.0
323,0,3,3,5.0,4,3,5,4,1,53da4bd5bf6164e1b86637beccd1b91f6b07890c,3320.0,Rea Rd,28.0
324,0,0,3,5.0,1,1,2,4,1,a025def03071b8f5acb3c845f42ffe3bcb4576be,1425.0,Eastcrest Dr,17.0
325,5,3,3,5.0,4,3,1,4,1,096d9f7e9ea9baceff6b6e9c234aeb4ca3565e3a,4930.0,Randolph Rd,29.0
326,0,0,3,0.0,2,1,2,5,1,194a5b6992698473d05546fd4713281c363c9002,9203.0,University City Bv,14.0
327,5,3,3,5.0,1,1,2,4,1,acd692b653a037ebbaa3db730f841d6308e38d11,15299.0,Youngblood Rd,25.0
328,5,3,3,5.0,0,3,0,4,1,16095faf60c43cd31422cb7704c8da020ace6336,2012.0,McAllister Dr,24.0
329,0,0,2,5.0,1,3,4,4,1,a82543695a1e094921798ef2aab4117a8a4c55f4,3901.0,Glenfall Ave,20.0
330,5,5,2,0.0,1,3,2,5,1,a26cdde48e091bd405f84b0ecc6365a7d30a4ed7,8904.0,S Tryon St,24.0
331,0,0,0,5.0,1,3,2,5,1,099dbba56405ed4e56b1eb12c4f8f494b2ba12ec,5892.0,South Blvd,17.0
332,0,3,1,5.0,1,3,2,5,1,2d1515c11c78bfbdc5e016b90cffab1e4452a366,619.0,S College St,21.0
333,5,3,3,5.0,4,3,5,0,1,dfd4f1c56ad4e3784d38ba101cfa86085ad804e5,12901.0,Albemarle Rd,29.0
334,0,0,3,0.0,0,0,0,5,1,c3712ece270d0c85a5f5de05a5f8792998adac85,8124.0,Providence Rd,9.0
335,5,0,3,5.0,0,1,0,4,1,90bfd0d183224cccdd992e504dc5f2e4bd170d59,9729.0,Providence Rd,19.0
336,0,3,2,5.0,2,1,2,5,1,9dcfd2f7e5c4623477d0e1a78b8e2fd5f37e3ace,1030.0,N Davidson St,21.0
337,5,3,3,5.0,2,1,2,4,1,3bf967763ef41e9a0e4b68b455e736f87d69cb44,2558.0,Sharon Rd W,26.0
338,0,0,1,5.0,1,3,4,4,1,3471cc00d54456816ff7f624f368a4acd6747b77,5925.0,Tynwald Ln,19.0
339,5,3,3,5.0,0,3,1,5,1,fede9212e2af19bf1f2d09882c12d41e6214193c,1834.0,Selwyn Ave,26.0
340,5,3,2,5.0,4,1,4,4,0,8534c07e664f335690e21b5b543693b7779ca5ca,6603.0,Old Providence Rd,28.0
341,0,3,1,5.0,4,3,1,4,1,1bebbf7c4d91ac6aa185203982f08a8524129770,1832.0,Camp Greene St,22.0
342,0,5,2,0.0,1,3,2,5,1,b357bcbe24877b5709627127b252fb3e2863f4ec,2641.0,N Graham St,19.0
343,5,5,4,5.0,4,3,4,5,0,7148b3c7f849696134788742f5228bd550f941a1,350.0,W 5th St,35.0
344,5,3,2,5.0,4,1,5,4,1,dcbdab407a695bf644174271c8d55135581b3df4,1200.0,Beatties Ford Rd,30.0
345,5,3,3,2.5,1,3,2,5,1,1af70e9c951113fc50f710a4e5d90c7c995ef97f,1538.0,East Blvd,25.5
346,0,0,2,0.0,0,0,0,5,1,309012f593f14e634972358660f3895a574095e8,2724.0,West Blvd,8.0
347,0,3,3,0.0,1,3,2,4,1,01ab3ad71adea3bf54ab45866627c707fd6ef29c,4600.0,Tuckaseegee Rd,17.0
348,5,5,2,0.0,2,1,2,5,1,9b2e77be5d90b721ff8ea7b709587e30849d62dc,7704.0,Pineville-matthews Rd,23.0
349,5,5,2,5.0,1,1,2,5,1,7cfca3422f166a384f6224fbd6b3899ca830324b,3100.0,N Tryon St,27.0
350,5,3,3,5.0,2,1,2,4,1,ed3da486e602496f25387d903209cfa99bf179f3,2019.0,Selwyn Ave,26.0
351,0,0,3,5.0,1,3,2,5,1,060078573af136bd2b5b478cb9d959e4404c4dda,810.0,E Arrowood Rd,20.0
352,5,3,3,0.0,2,1,2,5,1,c4406bc0bb6ba54523fb9b3c7f008bd8b68f1e84,102.0,W Craighead Rd,22.0
353,5,5,2,5.0,4,3,4,5,1,711dca45f561147bece963e3323aa28980c789b1,105.0,S Tryon St,34.0
354,5,3,3,5.0,2,1,2,5,1,4908289cd37dd29a9f484f87bb44c5d4d013a868,12006.0,Providence Rd,27.0
355,0,3,2,5.0,1,1,2,5,0,523dfb89b6a497104c7e15d53f735b9f3326123b,3419.0,S Tryon St,19.0
356,0,3,3,2.5,1,1,2,5,1,eaeaa4ab224f25f8250c7781f4046f36e95aa6bb,1419.0,East Blvd,18.5
357,0,5,2,0.0,2,1,2,5,1,7e9b2906ce07ca03ebb3197e682233bc2d8f1d08,2221.0,Central Ave,18.0
358,5,3,3,5.0,0,1,0,4,1,4a26d834a135c32e20a05bbbb333e46402fd3bb1,3105.0,Maywood Dr,22.0
359,5,3,3,5.0,2,1,2,5,1,c8dd963b3543a2ef9ab1a3304e5a04345c0e28e5,12336.0,Old Prairie Rd,27.0
360,0,3,1,0.0,2,3,2,5,1,4ffd2524f531ba626a32808d3a32f982c3a7cd71,3304.0,N Tryon St,17.0
361,5,0,3,5.0,1,3,2,4,0,1236e8f16f17592aa9945463fa248979b53425f3,1501.0,Burton St,23.0
362,5,3,3,0.0,4,1,4,5,0,d7c76725498eba137538ccd683ed5059f70eabee,2932.0,Eastway Dr,25.0
363,5,3,2,5.0,4,3,0,4,0,78dd42811ea619da79dc21fccb558947d024c147,803.0,W Bv,26.0
364,5,3,2,5.0,1,1,2,5,1,0dfb7c1fadc38ce576623d31e85ab2de3476dfef,102.0,E Martin Luther King Jr Blvd,25.0
365,0,3,2,5.0,4,3,5,4,1,7c0f72c66b52f7b1997e9eef039bb7c53c236687,3800.0,Melshire Ln,27.0
366,0,3,2,0.0,2,1,2,4,1,406bc2f6d90cbea416361202ba27f60ea47365a4,506.0,N Davidson St,15.0
367,0,0,2,5.0,1,3,2,4,1,82f9e0389485f8e3f80f55c9b78dd4104fdbab9b,333.0,Colony Acres Dr,18.0
368,5,3,3,5.0,1,1,2,4,1,14964f12659ab27d0183218c1ec607d8005a80f0,13962.0,Brown-grier Rd,25.0
369,5,5,3,0.0,2,1,2,5,1,75a5e14a2d7bb836b50fb4313e044c43399c9fe3,4302.0,N Tryon St,24.0
370,5,0,3,5.0,1,3,2,4,1,feedebf53f8515825f9d86d1a573d60fd67034b4,115.0,Ann Marie Dr,24.0
371,0,5,2,0.0,1,1,2,5,1,30fd7a26ea9ad250fe645c3274d7a8c8c4931225,2700.0,N Tryon St,17.0
372,0,3,3,5.0,2,1,2,4,1,a15f5b13aba4c1d78b4c48714f465d1aa98f9c25,5412.0,Eneida Sue Dr,21.0
373,5,3,4,5.0,2,1,2,4,1,6c5e5206022470c5e560903da35caafa5d5178f5,801.0,E 20th St,27.0
374,5,3,3,5.0,1,1,2,4,1,73ae31ecfc46d80ece63631fb6178d5486764798,2019.0,Selwyn Ave,25.0
375,5,0,3,2.5,1,1,2,4,1,6c392bc7d2d30ad9e5d54ce5f19ac15957f8e24f,7731.0,Whistlestop Rd,19.5
376,0,5,2,5.0,0,1,0,4,1,8ff8368869e30c96d4db2952434e203b6da9d3c7,700.0,E 18th St,18.0
377,0,5,0,0.0,1,1,2,4,1,216a9b5c0722615c41328f93e0601698d40a1adb,4509.0,Craigwood Dr,14.0
378,5,3,3,5.0,4,3,0,5,0,d450aecfdd89fdb898d824bda1330aa0c7263991,4120.0,Rozzelles Ferry Rd,28.0
379,5,5,2,0.0,1,3,2,5,1,4573e093dd668b5f97f3b2434e90d866d542f67b,9801.0,S Tryon St,24.0
380,0,0,2,0.0,0,0,0,4,1,928f8acd92b897dec761541983e2341ee82abd3a,1524.0,Kelston Pl,7.0
381,5,5,3,2.5,0,3,0,5,1,f9a53817be0c95e8ac4377dba1ecca82eb4aa321,2635.0,W Mallard Crk,24.5
382,5,3,3,5.0,1,1,2,5,1,43f35cb2733808a01029a792f85ae99f4e20444f,4705.0,Statesville Rd,26.0
383,5,0,3,5.0,2,1,2,4,1,9e1334eb1f82d490a420c4b1d8f5dc5f02fd4229,6543.0,Hidden Forest Dr,23.0
384,5,3,3,0.0,2,1,2,4,1,2189334ba0d30a68a564991348e00faecf3c4d30,2435.0,Toomey Ave,21.0
385,5,5,0,5.0,2,1,2,4,1,476ecebb802e5f9b0523dfe7e01c0398b659e12d,2134.0,Galloway Rd,25.0
386,5,5,2,5.0,0,3,0,4,0,429546e45065d35ebfaf4a7fc79499cc006e0c28,4400.0,Central Ave,24.0
387,0,0,3,2.5,1,3,2,5,1,b230f56c17d02727083bc221e8e88732c1bb090b,2927.0,Central Ave,17.5
388,5,3,3,5.0,2,1,2,5,1,86e0b12325ff789fa7a382a291eb486820d3c6fc,2114.0,N Graham St,27.0
389,5,0,2,0.0,1,3,4,5,0,8dde9e2f18d2feb0d73551ec0139c4783829f107,2932.0,Eastway Dr,20.0
390,0,3,0,0.0,1,1,2,5,1,3d45006a99d23e2721713b486af583356d7a294d,6007.0,Albemarle Rd,13.0
391,0,3,3,2.5,2,1,2,5,1,2f3056264742de9249f75114c86366c1eb15295d,1002.0,E Bv,19.5
392,5,5,2,0.0,2,1,2,5,1,83f58f6c61f7e4ef1d4a66b90faf34359d7827e4,102.0,E Martin Luther King Jr Blvd,23.0
393,5,3,3,2.5,1,1,2,4,1,f7f9e55148abddf3fd4cc5da64cb82068ae05cc7,4108.0,Prosperity Church Rd,22.5
394,5,3,2,5.0,1,3,2,5,0,6592047a5d5002df82d7fafc1aad8fef6d93f98b,6521.0,E W T Harris Bv,26.0
395,5,0,2,0.0,1,3,2,4,1,3cba1880af05b39c75139dd526572195cc0ea36d,2019.0,Eastway Dr,18.0
396,5,3,3,5.0,1,1,2,5,1,3074ed18a1f625d50dd94616f51cdfb10e78b22b,2019.0,Selwyn Ave,26.0
397,0,3,3,5.0,1,1,2,4,1,d88ddb5506c565077a29c6d2b6165eed6a73fe1e,2174.0,Colony Rd,20.0
398,0,3,2,0.0,1,3,2,4,1,4b96c5c666b635ed3df7872a8ee67a2b2ded140f,5852.0,Pineville-matthews Rd,16.0
399,5,5,2,0.0,2,1,2,4,1,9c15a619b0272c913efe8211ddf993859baabd5a,2105.0,Beatties Ford Rd,22.0
400,5,5,2,0.0,1,3,2,4,1,814386a59b73b993fc7d771bc9193b0b6089d0db,3603.0,N Sharon Amity Rd,23.0
401,0,0,2,5.0,1,3,2,4,1,5dbc818126657a103fa18b6637b14a19094cafc0,3223.0,Weston St,18.0
402,5,0,2,0.0,1,3,2,4,1,9a4fcfb37c8ea091c7e439a689d56e413f804149,3601.0,Frew Rd,18.0
403,0,3,2,5.0,0,1,0,5,1,5222fd8ce1645f0a132b66c285b3d5bf094a1fee,3101.0,Shamrock Dr,17.0
404,5,5,2,0.0,2,1,2,4,1,435529e0e5d1dcaafe0997cdf7a8fd130fcdcef6,417.0,E Arrowood Rd,22.0
405,0,3,3,5.0,2,3,2,4,1,d1b5201c4439667ccee3026ae38062a392511517,3801.0,Country Club Dr,23.0
406,0,3,1,5.0,4,1,4,4,0,30cb0b2d9a746944f0c500a2c26aa92baaa5cdd4,1200.0,Central Ave,22.0
407,5,0,3,0.0,0,0,0,5,1,de9a0a7df57a87c3875c4ecdb38d861f38dc1e8e,1510.0,E 4th St,14.0
408,0,3,3,0.0,4,1,1,5,1,7a5e13c3e8ca87a84c174d1a4cd30d45d2c3449c,1901.0,Milton Rd,18.0
409,0,5,2,0.0,2,1,2,5,1,c09dbdca8017a074daa981e08186ebca8b025319,2024.0,Fairdale Dr,18.0
410,0,3,1,5.0,1,1,1,4,1,318580727e7031441bd39fa5f2e558db7dbe2b26,1020.0,Belmont Ave,17.0
411,5,0,3,0.0,2,1,2,4,1,cb4dc431726ef9c0a3f40db8c0d7008b64125f1b,1505.0,Allenbrook Dr,18.0
412,0,3,1,5.0,4,3,4,4,0,6173606737771ddf7925f933885f87f961e55c95,2124.0,Matheson Ave,24.0
413,0,3,2,5.0,2,3,2,5,0,593cd1c8e5dfbe5dbf4994838b9f3ac4d6a35fae,4460.0,The Plz,22.0
414,5,3,3,5.0,0,1,1,5,1,1f905a882eb32b6bb6be28c1a114d9bba3330aa8,325.0,W Woodlawn Rd,24.0
415,0,3,3,5.0,2,1,0,5,1,de191940ad0b0c383c40a10a8d8ceafcf2a8e94c,2141.0,W Sugar Creek Rd,20.0
416,5,0,4,0.0,0,0,0,4,0,d1e42a542288707c8367b33fda50bbe372b5c6fa,1933.0,Milton Rd,13.0
417,5,3,4,0.0,2,1,2,5,1,fb7632d51a737da5c83f367d640c25478bf935c2,10415.0,Mallard Creek Rd,23.0
418,0,5,2,5.0,1,3,0,4,1,c13a806c2cf29cd6c6f9185cae71e9734eb1098f,3610.0,Nobles Ave,21.0
419,0,5,2,5.0,1,3,2,5,1,3a1e8583dd954e75732cb398f75e3d032be7ca2e,2854.0,W Sugar Creek Rd,24.0
420,0,0,3,5.0,1,1,4,4,1,2985a84ac23da270efffe8a1fd410928cd201dc1,1556.0,S Tryon St,19.0
421,5,5,3,5.0,2,1,2,5,1,6979f148851323a84ba9173c06812efe9a8ef709,8605.0,E Independence Bv,29.0
422,5,0,2,0.0,1,1,4,5,1,cfd6bcc5e36af60f03674035fc6e59876f9366fe,1535.0,Remount Rd,19.0
423,5,3,3,5.0,1,1,2,4,0,5a61d4a4926be360647058bcdea70a871ed14457,1345.0,Baxter St,24.0
424,5,3,2,5.0,1,3,2,5,1,aaf492806f2654526f88d22ca421ac87babf8e3f,2027.0,Beatties Ford Rd,27.0
425,5,3,1,0.0,1,3,2,5,2,b04adb2781c9e6b30b6dbbea6972d9a65dedad63,501.0,W Craighead Rd,22.0
426,5,3,1,0.0,2,1,2,5,1,0d9d6275a625832d9b0a2730a67436bd297f9b51,300.0,N Tryon St,20.0
427,0,3,2,5.0,1,1,2,5,1,eb85dcbb0fd16e00373452e594eab2ef0b32264d,9622.0,Rea Rd,20.0
428,0,3,1,0.0,2,1,2,5,0,b490b1568938b7341bb5ea4e23c9a18dd59842b2,2731.0,Beatties Ford Rd,14.0
429,5,3,2,2.5,2,3,2,5,1,b7f86f0452391b4087ee7f8cd5dc5a9b4b940466,8450.0,Park Rd,25.5
430,5,0,2,5.0,1,3,2,5,1,0d325062747fb766aa418a793aa1f8d5ec676095,7024.0,E Independence Blvd,24.0
431,0,3,1,5.0,2,3,2,5,1,7869fac0baef5c846a86f0753578a64fb61accbd,119.0,N Sharon Amity Rd,22.0
432,5,3,2,5.0,2,3,2,5,1,0d93a292a7c8f9cd5a0c67f2603c106e7c4b057a,1108.0,N Wendover Rd,28.0
433,0,5,0,0.0,2,1,2,4,1,f0c7880acf44dfbaa5ca47bfc929f8af44191fee,3400.0,Central Ave,15.0
434,5,3,3,0.0,2,3,2,4,1,6b2f1f03a6571c94deec5100450e3a2531ef5ced,2603.0,Tuckaseegee Rd,23.0
435,0,5,1,0.0,2,1,2,5,0,6574e8a4a4a106f7399a969c4ebf7ef521dae7e6,3012.0,Prosperity Church Rd,16.0
436,0,3,3,2.5,1,3,2,5,1,fb214b91e0845b2e446c5f923dfbfe19f468b51f,314.0,N College St,20.5
437,5,3,3,5.0,1,1,2,5,1,d92d275ec13b933ecc8adada095166c26ad7405a,1005.0,S Mint St,26.0
438,5,5,2,5.0,1,1,2,4,1,62d25929626e1e8c7a267ef64a3d7b55099ba773,2201.0,Eastway Dr,26.0
439,5,5,1,2.5,2,1,3,4,1,08e61e653f54d7a47ebde63b0443aabe0ed46c04,1200.0,S I- 77 Svc Rd,24.5
440,5,5,3,0.0,2,1,3,5,1,1d8ff25e2b2f48c24a8be65f9a1fb09efd45fe6e,4803.0,Central Ave,25.0
441,5,3,3,0.0,1,1,2,5,1,8d75b904f1022c5a73abf32b166b770e48a59b4e,229.0,S Caldwell St,21.0
442,5,5,2,0.0,1,3,2,4,1,fe19c7f4d6e7b81946f8743d4ee8c509db0ec337,2850.0,N Sharon Amity Rd,23.0
443,0,3,1,5.0,4,1,4,0,0,f0bd10813786fc7a99c54df7a801f9162f5f6d85,102.0,W 7th St,18.0
444,0,3,3,5.0,0,1,0,5,1,460998dc92782a5f6968cfae038804cf159bbbe7,1501.0,Central Ave,18.0
445,5,3,3,5.0,2,1,2,5,1,a683c4765169c45cbca96e3f0ec4ad400dda01cd,3509.0,S Tryon St,27.0
446,5,0,3,5.0,1,3,2,5,1,94f1331f64c3405ff2107462a50eca6d5b5ae585,8816.0,University City Blvd,25.0
447,0,3,2,5.0,2,1,2,4,1,171478dcd81589bcb7b1da9db5ff93cae4997411,2001.0,Queens Rd W,20.0
448,0,3,1,5.0,1,3,2,5,1,55d806c865beec259a5a398b0529af6504b4e1df,1617.0,N Davidson St,21.0
449,0,3,3,5.0,2,1,2,4,1,4a1388929dddf74afddd3c55b83083e8f91ecf49,340.0,Ramona St,21.0
450,0,3,3,5.0,2,3,2,4,1,2af0655164436fab0809d48d3db713d30df944e1,8826.0,Park Rd,23.0
451,5,3,3,5.0,1,1,2,5,1,9227e4f219bda02015fe8037360639473dfed86d,3560.0,W Bv,26.0
452,5,3,2,5.0,0,1,0,5,1,6383e200c8921f1c2c860c8d902a427a63521c5c,1600.0,Central Ave,22.0
453,0,3,3,0.0,1,1,2,5,1,2689076b850d96fcb7abecaeb02c98c41c655e2c,6703.0,Albemarle Rd,16.0
454,0,5,1,0.0,2,1,2,4,1,2ad3975565b5da31f341ef191b0a31ce8a77b37d,500.0,E 8th St,16.0
455,5,5,2,0.0,1,1,2,5,0,66c4e87ea8b0bbdc14fa13eb88fb3e174e5cbfd0,9014.0,Albemarle Rd,21.0
456,5,0,3,0.0,1,3,2,4,1,01ef71f19ed622f4aa4b4dee1fcf094104afde21,5914.0,Craftsbury Dr,19.0
457,5,5,2,0.0,2,1,2,4,1,fe773ddf0738c24f7268a2d50ca30e20b3156f3d,1805.0,Beatties Ford Rd,22.0
458,5,0,3,5.0,1,3,2,5,1,ad16d41c1cd33aa141bf0ab8a8db29b52543252e,3113.0,N Sharon Amity Rd,25.0
459,5,3,4,5.0,2,1,2,4,1,8a52fa004956e377d7a67bfc8655d7b2392881f8,4801.0,Tuckaseegee Rd,27.0
460,0,3,1,5.0,1,3,2,4,1,378f7a4a3479bce4872753b2506e9040501c778e,4034.0,Conway Ave,20.0
461,0,3,3,5.0,2,1,2,4,1,aeef6c2be3b5952c526339aa706b1489ec2101bf,2703.0,Hamlin Park Dr,21.0
462,0,3,2,2.5,2,1,2,4,1,290ebb906846d1a76a9fca123a58bf37c20d035c,3001.0,Colony Rd,17.5
463,5,0,3,0.0,0,0,0,5,0,7a3b7a6b165447276e8bd6d17919aededb9608ad,2711.0,N Tryon St,13.0
464,5,5,0,0.0,1,1,2,4,1,59474e73724608d8dbd0908d278604de6d296bef,5404.0,Kiev Dr,19.0
465,5,5,2,0.0,2,3,2,5,1,357ba4426e4375696aea6eb27e2f5099dd65d9e0,3202.0,Wilkinson Bv,25.0
466,0,3,3,5.0,2,1,2,0,1,d0836b7a081a61b73696f08a6fe9e3796974cd60,14899.0,Youngblood Rd,17.0
467,5,5,2,2.5,2,1,3,5,1,3278238be554a17220d98063a089e0a84e104551,4391.0,Central Ave,26.5
468,0,3,3,0.0,1,3,2,5,1,86d20e2396c7a5e2f301a80d66874d35bde5a9d8,9001.0,Lawyers Rd,18.0
469,0,3,3,5.0,1,1,2,5,1,8c0dcb7a7c6b92748a8aad300e9915fc7959326b,1200.0,Central Ave,21.0
470,0,3,2,5.0,1,1,2,5,1,54363a3b990305feafd31a27ba8819b746daa0ae,1643.0,Elizabeth Ave,20.0
471,5,5,2,5.0,2,1,3,5,1,d3161ffd252de77ebdea1152284246ec37af7e96,341.0,N,29.0
472,5,0,4,0.0,1,3,2,4,1,fc5dbe0bfccc66b345eb6acd9e53fda4efa2636b,116.0,Orchard Cir,20.0
473,5,0,3,5.0,1,3,2,4,1,0c20d3ead37e57a6d9fe3e56463fa18c36752929,2319.0,Lucena St,24.0
474,5,3,3,5.0,2,1,2,4,1,197f380c8333862008b01d26ea156a47d04be924,1903.0,Queens Rd W,26.0
475,5,3,2,5.0,4,3,4,4,0,7e3600f42be9d2f479037f1326867faa86fff2cb,3208.0,Credenza Rd,30.0
476,0,5,1,0.0,1,3,2,5,1,20be726de27b3815dd463d2f139627275819d1da,5802.0,Executive Center Dr,18.0
477,5,3,4,5.0,4,3,4,4,1,842dd0962a32fd1bd9af82ad2b4bee49d4403d52,10532.0,Green Hedge Ave,33.0
478,0,0,3,0.0,2,1,2,4,1,c1508768ed1e4455299db2ec179147466fa916e1,3525.0,Chilham Pl,13.0
479,0,5,2,5.0,2,1,2,4,0,fe4bf09071d9e8650429594fb09e79d68479971f,2805.0,Whiting Ave,21.0
480,5,3,5,5.0,2,1,2,4,1,55299dba32919099a794a61a5220adbc2467fa31,2905.0,Brice St,28.0
481,5,5,2,5.0,1,1,2,4,1,9e95b1787bc15db50267e03fcbf066540835ef41,11605.0,S Tryon St,26.0
482,0,3,3,5.0,2,1,2,5,2,a8d854d2a74ad6e9549700935d1cf490b416b46b,5812.0,Monroe Rd,23.0
483,0,0,2,0.0,1,3,2,4,1,9817f0b9635218a77521b917fd5bb50bac0017ce,531.0,Kingville Dr,13.0
484,0,3,0,5.0,4,3,1,4,2,00afd1ec72c630f2b141754c144df619f0505be7,5530.0,Camp Stewart Rd,22.0
485,5,5,2,5.0,2,1,2,5,1,2b75fd3b679584bb711149180aba6d7bdf9b78d7,,I 85,28.0
486,5,3,5,5.0,2,1,2,5,1,59ae6ba5a2bdb07c4fab102df0f8ea2038c0212c,5023.0,Central Ave,29.0
487,5,3,4,5.0,1,1,2,5,1,e6962fcf8a76a2ca1564b41440577cf5cb573539,207.0,S McDowell St,27.0
488,0,5,1,0.0,2,1,2,5,1,5f8ebbfa44fcbb3c8e31d41ea555a04c1dfb5c06,7922.0,Rea Rd,17.0
489,0,5,1,0.0,2,1,2,4,1,66846c8c0aedd05909b64c899edb59c0e87b2ca6,3503.0,Mnr,16.0
490,0,5,2,0.0,2,1,2,4,1,85e158a3b7b0b28ed75686d6a5f5fc8d2542c086,100.0,Deanna Ln,17.0
491,0,0,2,5.0,0,0,0,5,1,ad16c3d322ba6e11468b027137544b5bca008e8d,305.0,Walden Station Dr,13.0
492,5,0,3,0.0,1,3,2,5,1,c5a29328b834b06ff2cb946d3d484694c25975c9,1228.0,Matheson Ave,20.0
493,0,3,3,0.0,1,3,2,5,1,1087ee1cef252f57f7c938ad5f86df2797da4257,120.0,N,18.0
494,5,3,2,5.0,2,1,2,4,1,29be4cb3e988ca436f03d9cb48dc183157aac1e5,9235.0,Robert Frost Ln,25.0
495,0,0,2,0.0,0,0,0,5,1,d2e8c0e6288b6e3488261ce8e3a3f26ba0ff86fb,2825.0,Boyer St,8.0
496,5,3,2,5.0,1,1,2,5,1,ca09f724eb47d24ba22976ccbb7db44e249b52c0,1605.0,Camden Rd,25.0
497,5,3,3,5.0,0,1,0,4,1,4580e0da040613d42ce4fb26ba0f95c65512234c,4900.0,Broad Hollow Dr,22.0
498,5,5,2,0.0,1,3,2,5,1,24183269df88573b388489645ad993c809bdf4b2,9826.0,Monroe Rd,24.0
499,5,5,3,0.0,4,1,4,4,1,c75d99e747ef8c264e8792dc0230fdf2fcbdc506,9872.0,Park Rd,27.0
500,5,5,2,0.0,2,1,2,5,1,835066f1de9e458a6bc4bcb45e48dca59ff6eff6,1215.0,South Blvd,23.0
501,5,3,3,5.0,4,1,4,4,1,36783007991a57554260e89caa6f822a35271644,1201.0,N Tryon St,30.0
502,0,3,2,5.0,1,3,2,5,1,7f7935d943840540dec8f9103bfa705f430509c0,1800.0,Commonwealth Ave,22.0
503,5,3,3,5.0,1,1,2,4,1,a8b7785325560cc13b9802ffc39e3ac5aef0b7a3,1454.0,Queens Rd W,25.0
504,5,0,2,0.0,0,0,0,4,1,311c7a422252134f233a6770e4400fdf9321c41a,3247.0,Shamrock Dr,12.0
505,5,0,2,0.0,0,0,0,4,1,5ad07982c54db2c45f8d17704b349ab614266d99,2442.0,Dunlavin Way,12.0
506,0,3,2,0.0,1,1,2,5,1,0099661e0515f59e571ef00555a7a9a3a7992e23,102.0,E Trade St,15.0
507,5,3,3,5.0,0,3,0,5,1,511307a08797a8f9b3ca14ed9d55d35d6d643d52,2812.0,Eastway Dr,25.0
508,5,5,2,0.0,1,1,2,4,1,7a744ac1c2f19251cacbdbb9e8afabd5e3cb1104,4601.0,Central Ave,21.0
509,5,0,0,0.0,1,1,2,5,1,4b0565bb8a8d68e66cafa4b603680e83de9be8ed,1103.0,N Wendover Rd,15.0
510,5,3,3,5.0,2,1,2,5,1,9a7c699cdc4d44e0d55eefaf19ca5715891ab815,1400.0,Queens Rd,27.0
511,0,3,3,5.0,1,3,2,5,0,4b1340fed9bcc2afe441e35bc852c19aa8bf5050,1503.0,Kennon St,22.0
512,5,3,3,0.0,2,3,2,5,0,c7bfa7bb6a31e6e4f3ca4ff7dc2b8c2b01c60613,2519.0,The Plz,23.0
513,0,5,1,5.0,0,1,0,4,0,84909a53cca75fdc5f1e9e2ddff7e5fc05ce633e,5345.0,Firelight Ln,16.0
514,5,3,4,5.0,2,3,2,4,1,c220ed020fa039e248a469b3bec3b0101715ca45,1618.0,Lasalle St,29.0
515,5,3,3,5.0,4,1,4,4,1,a803cda9bb5ac4baa489890cea6875b1b369c8ee,3132.0,Westfield Rd,30.0
516,5,3,3,5.0,2,1,2,4,1,b4c091e5d768d67a5dd7842f899dabc2b1ae51cb,3626.0,Crestridge Dr,26.0
517,0,3,1,5.0,2,1,3,5,1,4fd52ba2cb5eb40f17b53e71358f636685d95678,4750.0,S Tryon St,21.0
518,5,3,3,5.0,4,3,0,5,1,9114056a162bc74c444a1a7acf7626122167af3b,401.0,Hawthorne Ln,29.0
519,0,3,2,5.0,1,3,2,4,1,e95b89a4248d3835a408503753999580285948b7,8908.0,Bellhaven Blvd,21.0
520,5,5,2,5.0,1,3,2,5,1,8545ff31490d81bbcb5336137d544a141e8fc56e,2426.0,Westinghouse Bv,29.0
521,0,5,2,5.0,4,3,4,4,1,2597eb5152c0bf0c61da0f2a496fd2b4bf00dbc8,6705.0,Raeburn Ln,28.0
522,5,3,2,5.0,1,1,2,4,1,7dcbd58a5bf75278a6429ae912d7c25ce0424d13,2013.0,Bay St,24.0
523,0,5,1,0.0,1,3,2,5,1,d92f54cfef9f5c683f8afb77d0114157386153fa,846.0,Tyvola Rd,18.0
524,5,3,3,5.0,2,1,2,4,1,d820012ea8e30f3e93c8645e29fdc0c38a86a4e5,2935.0,Rush Ave,26.0
525,5,5,3,0.0,1,1,2,5,1,00bcad59ccd9dc2c7d8c4c03d653e976adc4cbe4,611.0,Clanton Rd,23.0
526,0,5,1,5.0,1,3,2,5,1,1caaa5335b6ca9cbb10c583a6b4daf7891cf0460,7239.0,Albemarle Rd,23.0
527,5,3,1,5.0,4,1,4,4,1,74f9ca434af837e9c01e1f276057e3ca903fd9f7,2418.0,Cumberland Ave,28.0
528,0,3,1,5.0,2,1,2,4,1,9234230c259a1f617321b6a8857b773be32b9c09,1929.0,East Blvd,19.0
529,0,0,3,0.0,1,3,2,4,1,5734c05b297a40d5d88ab5dc612d6eba00c771b3,4400.0,Tuckaseegee Rd,14.0
530,0,5,2,0.0,2,1,2,5,1,8bcb9b430e80ee13da252def17d4ba0938e1da46,810.0,E Arrowood Rd,18.0
531,5,0,2,0.0,0,0,0,4,1,a0db26cd56d8e92e58327f16d5f5a3170d1e40fa,6300.0,Woodbend Dr,12.0
532,0,3,2,5.0,4,3,4,4,1,56b2d8831363dae35205ed2731f2b1eaebb53d1c,5300.0,Galway Dr,26.0
533,5,0,2,0.0,1,1,4,4,1,aed7b1600233b75cda84db6d88eb86ab164951cf,6903.0,Idlewild Rd,18.0
534,0,3,3,5.0,2,1,2,5,1,2bcce3e5cabbccd9afcc2c105ba773b7e495bd7e,1419.0,East Blvd,22.0
535,0,3,2,0.0,1,3,2,5,1,cacad073eafacee5c6f7947413ddf1f79029c578,4629.0,W Tyvola Rd,17.0
536,5,3,4,0.0,2,1,2,5,1,cdb6098b21ec18f51de14f7b2ad0bd2bf5df2ec3,8346.0,Monroe Rd,23.0
537,5,5,1,5.0,2,3,4,4,1,5ed213f735a7b8ed686a4a32e2c399ec1cd0ca07,2622.0,Hemphill St,30.0
538,0,5,2,0.0,1,3,2,5,1,63f3e44cbc3890ce5b8ad6785951eee9e743d716,4331.0,The Plz,19.0
539,5,3,2,5.0,1,3,2,5,1,af35b85eeae10d530a2671043e97a9c181dc7bd4,419.0,W Craighead Rd,27.0
540,0,3,3,5.0,1,3,2,5,1,f937d982e7c9f599b8d9d529694207b9db2372a2,2801.0,Randolph Rd,23.0
541,0,5,2,5.0,1,1,2,5,1,c7bd46e99ca8ce4a416de5cbf6cd3ff5713786a8,5137.0,Central Ave,22.0
542,5,3,3,5.0,0,1,0,4,1,19ce0933ae31f582d510dac2c7bd02d45a1f7a0b,12585.0,Dearmon Rd,22.0
543,0,0,3,0.0,0,1,0,4,1,413a4109a5b2d1f678b09a835c9f6f330f1b1ea9,331.0,Jones St,9.0
544,5,3,4,5.0,1,1,2,4,1,717b23338f7f8932f63481a32e80a38f196b3094,1022.0,Clanton Rd,26.0
545,5,3,2,5.0,2,3,4,5,1,d8a09cf94a292e568c11077fd574c22b50c9fda1,2336.0,Beatties Ford Rd,30.0
546,0,5,3,0.0,2,1,3,5,1,2cede102544bbd0e9a01767a3b7b24c7696201f8,10912.0,S Tryon St,20.0
547,5,0,3,0.0,1,3,4,5,1,b5479d9a8f450019e80e8c317a319286cb275324,6999.0,Lawyers Rd,22.0
548,5,3,2,5.0,2,1,2,4,1,b1968667fb80ca32a324a5b28f98419378a8be0e,1401.0,Rosetta St,25.0
549,0,3,2,5.0,2,1,2,4,1,3ad1b5e0c6e8d351622c5dc86fc17e68be24b002,1869.0,Queens Rd W,20.0
550,0,3,3,0.0,2,1,2,5,1,f9385da96c1d9ff5316fa86262ab59696776fc38,104.0,W 5th St,17.0
551,0,3,2,5.0,2,1,2,5,0,aef2efe75ee8913e22b73ebad5f9502badb79bd8,3250.0,Freedom Dr,20.0
552,5,3,4,5.0,2,1,2,5,1,e3b2437839f0bdfd99f381bfa59ead46ff2f034e,614.0,Pressley Rd,28.0
553,5,5,2,0.0,1,3,2,5,1,30700adf538ef01f466ade230cb513939e6a7a88,6510.0,Albemarle Rd,24.0
554,5,3,3,5.0,1,3,2,5,1,4e5a0d658c4176630210870ccbf61d6ccc9f3959,,I 277,28.0
555,0,3,3,5.0,4,1,4,5,1,69ba75f9a1cd1f29a5a5b9181a05cbccec3193b9,1925.0,Rozzelles Ferry Rd,26.0
556,5,3,3,0.0,2,1,2,5,1,ec328e910e40f8d593a24d48e49057303e04c57d,3649.0,N Sharon Amity Rd,22.0
557,5,0,2,5.0,0,3,0,4,1,ffd09ff9fb3feb041b9405407a95e0aa18f4fca6,6813.0,Rea Croft Dr,20.0
558,5,3,3,0.0,2,3,2,5,1,36f6d7389fb0ee849b05b4230a01e39c65634db3,2605.0,Central Ave,24.0
559,0,5,1,0.0,2,1,2,4,1,f2aa58eea0457df2108cd1a8fcccb0384e23d1c2,9707.0,Ardrey Kell Rd,16.0
560,0,3,1,0.0,2,3,2,5,1,7f44ff1adbb31792151302eb89df768c9a804c90,1611.0,S Bv,17.0
561,5,3,4,5.0,2,3,2,4,0,60788e2bc0dbc9d13b3e412401fdfc1fb6b99ea2,1328.0,Tyvola Rd,28.0
562,5,5,3,5.0,2,1,2,5,0,daf6cdc59b3362af745c97e3a1f5fb48d3536d33,841.0,E Trade St,28.0
563,5,5,3,0.0,1,3,2,4,1,d12303f47a4b7b5c1b8d6e3d91fcd215daa10afc,4717.0,The Plz,24.0
564,0,3,2,5.0,4,3,0,5,0,68d73d7a3e2a27eaf8f4839df81a47a5059a6b7d,536.0,Bradford Dr,22.0
565,5,5,2,0.0,1,3,2,5,1,09db83ad9ae72495f4f2d9790b3a34e15e1f61cf,617.0,Eastway Dr,24.0
566,5,3,3,5.0,2,1,2,4,1,77c137707fbfd655620ee96400ebca8fb7c8ba50,4004.0,Singletree Rd,26.0
567,5,3,1,5.0,2,1,2,4,1,60ecf6b20a5d5722ebcadd4e69284e1b44612a7c,1830.0,Queens Rd,24.0
568,0,3,2,5.0,2,1,2,4,1,a20a96021938addef3cfc06d3127a7d5228e2451,2924.0,I- 85 Svc Rd,20.0
569,0,0,3,0.0,0,0,0,4,1,b45eb226ae89008415443f2f4f03e820c04fef4a,950.0,Churchill Downs Ct,8.0
570,0,3,3,0.0,1,1,2,5,1,487c31b78da1e9fc9d8495d2d5cda9e9a6af31bc,3718.0,Central Ave,16.0
571,5,3,2,5.0,2,1,2,5,1,b0fdf941d8ed38f3a129858dbf923549c6491a03,,I 277,26.0
572,0,3,1,5.0,4,1,4,4,0,860b2f771800f4a01b26e44783a61cecdc399021,5028.0,Chestnut Lake Dr,22.0
573,5,3,3,5.0,2,1,2,5,1,56348184d8f96c5a9f80ba44ca47e40ae4679308,3250.0,Freedom Dr,27.0
574,5,3,2,0.0,1,3,2,4,1,79928331c732b0d488a1190d49705a7e1bf3e281,630.0,W 24th St,21.0
575,5,5,3,0.0,2,1,2,4,0,f1ade14911ae3c8dc4f7384036384cb846aea9ef,6702.0,Albemarle Rd,22.0
576,0,3,1,5.0,0,3,0,4,0,3d2589de5c216ce0c23ee96ce109de0121424e32,2434.0,Columbus Crk,16.0
577,5,3,3,5.0,1,1,2,4,0,91b7b948cbf17ea7f200432957aa1773c2883d53,1401.0,The Plz,24.0
578,5,3,3,5.0,1,3,2,4,1,fa4c3c28fabb97b06dd4cb640a5610fc4bebe0f5,2724.0,Dilworth Heights Ln,27.0
579,5,0,3,0.0,2,1,2,5,1,c3d47b28c43b1beb7f84f8c9e26ce431bd4b5762,8706.0,South Blvd,19.0
580,5,0,3,5.0,1,3,4,4,0,0b9005e8f0a829e5e047ff4a421932e6ee1f6068,1909.0,Milton Rd,25.0
581,5,0,3,5.0,1,1,2,5,1,eb2de846e7d1be07f44ca6e3a38530f0326f4c74,8115.0,Providence Rd,23.0
582,0,5,2,0.0,1,3,2,5,1,7f975b8ff50127215bed13824fcc344fdede2594,3603.0,N Graham St,19.0
583,5,3,3,5.0,4,3,0,5,0,24929de48cbf15499f9ae9204d2bde88cb87a876,1138.0,N Tryon St,28.0
584,0,3,3,5.0,2,1,2,4,1,9a9328d1f7e7c321a0c575af4c71723273e80215,14005.0,Labeau Ave,21.0
585,5,0,2,5.0,1,3,4,4,1,d4081c29f87a67c725b2aa942e9d298ccb4691dd,1221.0,Farmfield Ln,25.0
586,5,3,3,5.0,1,1,2,4,1,cc7a56b2579e7edbda74cf9e44a55da57ca5081d,1318.0,Oaklawn Ave,25.0
587,5,5,3,5.0,1,3,2,5,1,18be7ed981d59d5982d2b646991d38445fe229e3,5742.0,N Graham St,30.0
588,0,3,2,5.0,2,1,2,4,1,bb2867c0385bd9424ecf9118105ca38a7bda4f3c,1363.0,Queens Rd,20.0
589,5,5,3,0.0,1,1,2,5,1,9026a20d0cecb14a2fd5fa9408c2fa97c19d2ba9,1100.0,Yale Pl,23.0
590,5,5,3,5.0,4,3,4,4,1,b4d5be859a714136d9b04cb3bcda3b154a061d17,2018.0,English Dr,34.0
591,5,0,3,5.0,1,1,2,4,1,190c209a1d6d5bbaf12733ce5572402484926c6d,6805.0,Robinson Church Rd,22.0
592,5,3,2,0.0,1,1,2,4,1,17a042520386251b3df38b6e988e74ad58af43d7,6301.0,Nations Ford Rd,19.0
593,5,3,4,5.0,1,1,2,4,0,97cac0a9140c43f2adfd10ddd6e71924f3125bdf,9707.0,John Adams Rd,25.0
594,0,3,3,5.0,2,3,2,5,1,f0da31463aee7526825108a75c5f31b8347a3670,1400.0,Queens Rd,24.0
595,5,0,3,0.0,1,3,2,5,1,d8918495272ef438ff4bf8472708c37c82b239b9,2029.0,Central Ave,20.0
596,0,0,2,0.0,0,0,0,4,1,81bd1d371144d022d5720067c9ddd4f9a15dea57,609.0,Key St,7.0
597,5,0,2,0.0,1,3,2,5,1,5f23c801c83dc1d01ed4875c27e5af89503251e8,5647.0,N Tryon St,19.0
598,5,3,0,5.0,0,1,0,4,1,2530cbf27d8f470216220f878c1df4d72b233965,6439.0,Monteith Dr,19.0
599,0,3,3,2.5,2,3,2,5,1,084287e8ca98d582abe8424707b5941bacf1bee1,2915.0,Rozzelles Ferry Rd,21.5
600,5,5,3,0.0,2,1,2,5,1,be0c067ce3e083968451420a7a45b0755fecb908,6949.0,E Independence Bv,24.0
601,5,3,2,0.0,2,1,0,5,1,b2aae8c9d9921c68b18bfd8b2bf252a45af6528f,9203.0,University City Bv,19.0
602,5,5,3,0.0,1,1,2,5,1,2acd4dda682b54092a1939a5c8ffb37f1caef54a,9428.0,S Tryon St,23.0
603,5,3,3,0.0,2,1,2,4,1,3f47cc3c4dcd0c5106c191f4bf2e5ffc20faa24f,2105.0,Beatties Ford Rd,21.0
604,0,3,3,5.0,2,1,2,5,1,a220164fdf8c40644344922ae438fa6f170060cf,7700.0,Petrea Ln,22.0
605,5,3,2,5.0,0,3,0,5,1,d3be40a5d8910752f44b9d8be188f97c2dda19c8,7609.0,Mallard Creek Rd,24.0
606,5,3,3,0.0,1,1,2,5,1,23f1438b502fa26b8057b63e971ae08f72a115a7,9024.0,University City Bv,21.0
607,5,3,3,5.0,2,1,2,5,0,8704a1b215c2ce4e2dfe157859a761f846eba446,300.0,S Tryon St,26.0
608,0,3,1,5.0,1,3,2,5,1,832f17d82999a25763dcd433f5167c3a1ee088e6,1222.0,Central Ave,21.0
609,5,3,3,2.5,4,3,1,5,1,ca4eb8c09ed95d5b92e10bf0000919f3f8b703bf,9606.0,N Tryon St,27.5
610,0,3,3,5.0,4,1,4,5,0,6694106f0bf0c905d44aeecfcd2fc48c2a61cfb7,810.0,E Arrowood Rd,25.0
611,0,3,3,5.0,4,1,4,4,1,b854ddc50f29c6058df9f3a442a5eeaeba3e9d05,2004.0,Runnymede Ln,25.0
612,5,3,2,0.0,1,1,2,4,1,4c7e31433e1bccce63c437dc63d0ca1aedc52cc6,776.0,N Davidson St,19.0
613,5,5,2,0.0,1,3,2,5,1,d1393ff85d3aa08a2055edfc23b4e7ca462498c5,2624.0,S Bv,24.0
614,0,0,3,5.0,0,3,0,5,1,e789c37991fcf5a41afbb028d2ed3320a80a753b,2940.0,Griffith St,17.0
615,0,0,3,5.0,0,0,0,5,1,ce3583e863e327d8aadf0a09ea5d50c7d20593ff,2125.0,Beatties Ford Rd,14.0
616,5,0,2,5.0,1,1,2,5,1,426e274a7ec2b04c14f6b7e8eba2885af25d16c4,3333.0,S I - 85 Svc Rd,22.0
617,5,3,2,5.0,1,3,2,5,1,d7834dcc15e5f59460b69aae9467f7997c461624,1538.0,East Blvd,27.0
618,5,3,3,5.0,2,1,2,4,0,385b1571e72017f01c49437915f4dc5860f0df1b,1048.0,E 18th St,25.0
619,0,3,4,0.0,1,1,2,5,1,a2ec929152f03217d4bf42029cc2342e7b2dc395,3319.0,Statesville Ave,17.0
620,0,0,2,5.0,1,3,2,4,1,1d1c4020dae92087986083ab062d9c7aba4089f5,7015.0,Olde Sycamore Dr,18.0
621,0,0,1,0.0,0,0,0,4,1,741de9ab60fc2c22bea2fe4ad4bdb8d538d0bd7c,6609.0,Yateswood Dr,6.0
622,5,3,2,5.0,1,1,2,4,1,fe32566b5bd3a380e62687f90d730f595552d8f0,2238.0,Brookwood Rd,24.0
623,0,3,3,0.0,1,1,2,4,1,1f8b5b87ee7e2101a175585aaf1afab9351aba61,7939.0,Idlewild Rd,15.0
624,0,5,2,0.0,2,1,2,5,1,10f8296bfb258ee948452b4fdf04faadc37e17a3,1307.0,E 4th St,18.0
625,5,3,3,0.0,0,1,0,4,1,bfc0368596b3c1a322b0d1f52929e3a290ea4dd7,1428.0,Kennon St,17.0
626,0,5,2,5.0,2,1,2,5,1,94af6291f142f4bbf93576fac15e37b233fb5b37,3428.0,Freedom Dr,23.0
627,5,3,3,5.0,1,3,2,4,2,8540b04267076d996de5ff54216a5c8bfe4a59e7,3023.0,Houston Branch Rd,28.0
628,5,3,3,0.0,1,1,2,5,1,4155a4563548c03b88399fef74093c20aeea3f13,1603.0,S Bv,21.0
629,5,0,3,5.0,0,3,0,5,1,54a7271c28d417251d5e197d1b32f1694f57c5b4,1306.0,Polk St,22.0
630,5,3,3,5.0,1,1,2,4,0,4c5b8e9205e92b53f2d6bcb0a6e404e4af3390d1,2105.0,Eastway Dr,24.0
631,0,3,2,5.0,2,3,2,4,1,a76549d3346dff0c907b01265a512780e18c0399,3116.0,Country Club Dr,22.0
632,0,5,2,5.0,1,1,2,5,1,090d1d2473727525ca44641d83b2e2815c91ac5f,7832.0,Pineville-matthews Rd,22.0
633,0,3,2,5.0,4,3,4,5,0,7c9a68da428ec2eeb885d40693fa391b5ed64df5,135.0,W Stonewall St,26.0
634,0,0,2,0.0,0,3,0,5,1,89f13eca2e14516ebc4d692a2764c438284b9a3a,1700.0,S I - 85 Svc Rd,11.0
635,0,3,3,5.0,1,1,2,4,1,9e486b94e782f425888e6bc7b2d150e0d844a33d,1840.0,Emerywood Dr,20.0
636,0,3,3,5.0,2,1,2,4,1,44f0a32ec07b1be36ba2cf3b4a608d3597ac60b3,1619.0,E Bv,21.0
637,5,5,3,0.0,1,3,2,5,1,97e8d95ba267b4c9abb331cbc771253e12d1985d,207.0,S McDowell St,25.0
638,0,5,3,0.0,1,1,2,4,1,5969e48448bd4c54c940347174ecc3a808331199,1003.0,Clanton Rd,17.0
639,5,3,2,5.0,4,1,5,4,1,73d3882f6eb7ae4920d364acb69f5c37425ac88a,625.0,Pecan Ave,30.0
640,5,0,3,0.0,0,0,0,4,1,df6994bdd9a9c4f3cc90ace666a72ca1adfce243,6406.0,Elgywood Ln,13.0
641,5,3,3,5.0,1,3,2,5,1,bb7580c9bcf7efef718a0a2f16de6fef14b6cbd3,6640.0,Regal Oaks Dr,28.0
642,5,5,3,0.0,2,1,2,4,1,defe89cb2b257b3a1c5df43d7a462e57fed80056,703.0,Tom Hunter Rd,23.0
643,5,3,3,5.0,4,3,4,5,0,88dc59306104eb18f14523cb93e98b8a24ac0091,2007.0,Sam Wilson Rd,32.0
644,5,3,2,5.0,1,3,2,5,1,55ccf03f2683f7a212682ccda7aa5962b198562e,1419.0,East Blvd,27.0
645,0,3,2,0.0,2,3,2,5,1,6fec0139a4e0598d3ceb96a766eec37233eaa3d6,7731.0,S Tryon St,18.0
646,0,5,2,0.0,0,1,0,5,1,f436dd24e71e34143e694775542d098f6eea4a5c,5709.0,S Tryon St,14.0
647,5,3,2,0.0,2,1,3,5,1,479f6ac14a2085c17815960354017db81c2ec071,7854.0,N Tryon St,22.0
648,0,5,2,5.0,1,3,2,5,1,68e6b2fc2d2f94fbb799c75714d6270f0133f9d2,10611.0,Mallard Creek Rd,24.0
649,0,3,1,5.0,1,1,2,4,1,da86f5f5810b3b6ff329fe897edfc53052ed38a5,1003.0,Clanton Rd,18.0
650,0,5,2,0.0,1,3,2,4,0,88446837ba77196b45bde6958c8c5a7afbacbb42,438.0,Eastway Dr,17.0
651,0,3,3,5.0,4,3,4,4,0,ba1a78699d421f3344877f36eb2147173bbad695,8806.0,Park Rd,26.0
652,5,3,3,5.0,2,1,2,5,1,9889bf1884a832de5c57784c57778cde3a39c1a9,1533.0,Central Ave,27.0
653,5,3,2,2.5,2,1,2,5,1,a53efcc723f885752f84e3da8316fa5de270badb,10250.0,Ballantyne Commons Pkwy,23.5
654,5,3,3,5.0,2,1,2,4,0,4d76bdf4f7bfe57dafbd66f266ced1c05e00721b,6915.0,Nations Ford Rd,25.0
655,5,5,1,0.0,1,3,2,4,1,57f2c9e0b97db66280ea6b2ae12dd61e4c94ceab,7029.0,Idlewild Rd,22.0
656,5,0,3,5.0,1,3,1,5,1,d8740bd8c41510a9e5c6e2f68014ff8db4bf752b,103.0,E 4th St,24.0
657,5,3,3,5.0,0,1,0,4,1,8e8d1604e8a5612772a5c1374a8370f8f83a44d5,2553.0,E 7th St,22.0
658,0,3,2,0.0,2,3,2,4,1,7acd67d1e39167bea3f8c89df8ea56e770241c65,7932.0,Sir Barton Ct,17.0
659,0,3,2,5.0,0,1,0,4,1,f62a4f5094425bf4d25e1c9add47f423828a7358,4904.0,Greywood Dr,16.0
660,0,5,2,0.0,1,3,2,5,1,3558d97a5fd83399318f6b03ec42c3b0068cbcfd,9456.0,Monroe Rd,19.0
661,0,3,3,5.0,2,1,2,4,1,7ca3e0cd07476d3b80e2e01430a6d0e50fc89b6d,2446.0,Selwyn Ave,21.0
662,0,3,4,5.0,1,1,4,5,1,e1fcca29ab50d394253ebf5e0db2c680359766e7,110.0,S Caldwell St,24.0
663,5,0,2,0.0,1,3,2,4,1,9020aa00602f433195939e5cd853ca30a2999a93,2352.0,Township Rd,18.0
664,0,3,1,0.0,2,1,0,5,1,51ee061df9e14128a54f4841f4e44f60cd4a95ba,144.0,Hawthorne Ln,13.0
665,0,5,3,0.0,2,1,2,4,1,ff5f927c6e69c0ef25cbd1a9d83b4f29b0f7e944,9154.0,Austin Ridge Ln,18.0
666,0,5,1,5.0,1,1,2,5,1,88303a7ad781c8bd9cc917aa3b03b350060a7ee4,5604.0,E Independence Blvd,21.0
667,5,3,3,2.5,1,1,2,5,1,0692b1f8aa96c8387543edf819cec6072603f27e,1701.0,East Blvd,23.5
668,5,5,3,5.0,4,1,4,5,1,3cef4309474fbc223a82ac281007d99a437ac515,14325.0,S Lakes Dr,33.0
669,5,3,2,5.0,0,3,1,4,1,f9c35e0c5209b6239afbf99c28da00b1aee0b6b4,1401.0,Queens Rd W,24.0
670,5,3,2,5.0,2,3,2,5,1,1e986c6d05d00f3b92e4582b0b179c826b7e7400,1512.0,East Blvd,28.0
671,0,3,3,0.0,1,3,2,5,1,d94ea4c2e722f4e70abdd64dfa9798ae868f6995,801.0,E 4th St,18.0
672,5,5,3,5.0,1,3,2,4,1,460dfc9ee370af6a14aa3885dc19b9c118b16683,4821.0,The Plz,29.0
673,5,5,3,0.0,2,1,2,5,1,e738d11174906c51a6a6c825cf9d6347eb0ab5c4,1538.0,East Blvd,24.0
674,0,3,1,0.0,1,3,2,5,1,f8b5b8d6ee1f9ea3d5901397750141104ad94ced,3226.0,Wilkinson Blvd,16.0
675,5,3,3,5.0,2,1,2,4,1,59686ac98be610dfe3c4fe741dea18c221e2884d,1541.0,Lansdale Dr,26.0
676,5,5,2,5.0,4,1,4,4,1,2a4b61ff040179f537d17fccd43b0a869d14b698,441.0,Farmhurst Dr,31.0
677,5,3,3,5.0,0,3,0,4,1,9f420190204e5df49c5125266599e81d733e1f8f,11010.0,Dekalb Pl,24.0
678,5,5,2,0.0,2,1,2,5,0,9ca73d2ba3d798b3098cc6c9fe2771837440c22f,1200.0,The Plz,22.0
679,5,5,3,5.0,1,1,2,5,1,ee75f4c5222f1c09439e8e22fcb0a40475839717,5137.0,Albemarle Rd,28.0
680,5,3,2,5.0,1,1,2,4,0,87a72b9399bfd33885045c803260e0cbffcc0b27,7920.0,Cambridge Commons Dr,23.0
681,5,0,3,0.0,0,0,0,5,1,0041ae6ac06048678402c40a88eccc5642e97d39,4818.0,Eleanor Dr,14.0
682,5,5,2,0.0,1,3,2,5,1,f0c6ebb2fcf0a777856a23563e81918f513033c7,6424.0,Fairview Rd,24.0
683,0,3,2,0.0,1,1,2,5,1,4b9e8b30b6f9adb49dfa30c707f58e5ca4711967,,I 277,15.0
684,5,5,2,0.0,1,3,2,4,0,033794d50ec24c78a03b6056dea82b475ca2cd6e,4627.0,N Sharon Amity Rd,22.0
685,5,5,2,0.0,1,3,2,5,0,5afb53d3751578554b6de4df1e60678b15853bf1,4622.0,Monroe Rd,23.0
686,5,5,3,5.0,1,1,2,5,0,35145cc815146722a637604e0bfabc623c8b986f,5201.0,I- 85 Svc Rd,27.0
687,5,0,3,0.0,1,3,2,4,0,b80aaeaf8bab821584c0f9a3f01b962d1fef0809,5249.0,The Plz,18.0
688,5,3,2,5.0,4,3,4,4,1,c90a68f093cd8c75ab7be7f1f3ce1fc86d4c7486,8417.0,Concord Rd,31.0
689,0,0,2,0.0,0,0,0,4,1,36af717aad293ae2b0c7b0f6f499e96e15021f14,916.0,N Wendover Rd,7.0
690,5,3,3,5.0,1,1,2,4,1,34ffadc1bcdccb066c252bb312e169a9117340f8,5600.0,Statesville Rd,25.0
691,0,3,3,5.0,1,1,2,4,1,909c36b607c93dff0222aae6fe773066d00e04f2,2307.0,Rozzelles Ferry Rd,20.0
692,5,0,2,0.0,0,0,0,5,1,993be9be68f1e84d7bca44f4810f2440d77ab9d1,1202.0,Central Ave,13.0
693,5,3,2,5.0,4,3,5,5,1,016d15a2f29dd84077d0e08875e69121c5905ba4,8319.0,Providence Rd,33.0
694,0,3,3,2.5,2,1,2,4,1,c7e2e572c89086f711fae56e2bd3ab8f4a4c4554,11801.0,Old Timber Rd,18.5
695,5,5,2,0.0,1,3,2,5,1,bb76f524a8f0495fe35fb7c8ca38fe4236427d4b,530.0,N Tryon St,24.0
696,0,3,3,5.0,2,1,2,4,1,eb7e09793048b422563ed903f014b9c1513d1afb,3208.0,Rozzelles Ferry Rd,21.0
697,0,0,2,0.0,1,1,2,4,1,a847d7ceea5880f6b22c209ffc67d48ed37c35f7,532.0,Hartford Ave,11.0
698,5,0,3,5.0,1,1,2,4,1,b630325e6ac956662160504ac8681a0323ef0cf3,8614.0,Albemarle Rd,22.0
699,0,3,3,5.0,0,3,0,4,1,3b11b61d13e32f13764e5d6fcf72f28a82d0d9c8,4316.0,Hamilton Crk,19.0
700,0,3,2,5.0,2,1,2,4,1,afae397c5c16cf2acb9f98e6eac8cae55de95abb,8530.0,Browne Rd,20.0
701,5,5,3,0.0,1,3,2,5,1,9e7b3ed473dd13b0bec6861ae90a987cc50b0ae2,246.0,E Woodlawn Rd,25.0
702,0,3,3,2.5,2,1,2,4,0,eef510c87e270ab0c31b7d6e831dccabb8796af9,610.0,Remount Rd,17.5
703,0,5,3,5.0,2,1,3,4,1,776c9239c118996a1c53ca836a059548f794ab5f,9897.0,Park Rd,24.0
704,5,5,3,0.0,2,1,2,5,1,1a5def57c1f8185626d143b540a0edc90ac3660d,581.0,E 7th St,24.0
705,0,5,1,0.0,1,3,2,4,0,ccddd3c3e1584c79f3f5d77a8d10d327a5d93f13,5907.0,Quail Hollow Rd,16.0
706,5,3,5,2.5,4,3,4,4,1,8e02c664b361c4d8fe0790ba71670bdb52d86118,9320.0,Idlewild Rd,31.5
707,5,3,3,0.0,1,1,2,4,1,312c1f7645e22ee195e92e3428beefc9efe0c73d,359.0,W Tyvola Rd,20.0
708,0,5,1,0.0,2,1,2,5,1,6d0764d6ad22e4cd746adbd983da4d1a18c94c59,1527.0,E 4th St,17.0
709,0,3,3,5.0,0,3,0,4,1,59fbb2f45134d327d798f25ca419435e9d7e5fe7,8001.0,Statesville Rd,19.0
710,5,0,3,0.0,0,0,0,5,1,ea4dcdd28e61fa213d819144ee5886ab76207c2b,2801.0,N I - 85 Svc Rd,14.0
711,0,3,3,5.0,2,1,2,4,1,36de41887949e46040943eebb90c7e4f95672b01,1363.0,Queens Rd,21.0
712,0,3,0,5.0,2,1,2,5,0,f4f1d60e69dd8b421315d05c0d551a9655a7a1b0,1200.0,The Plz,18.0
713,5,3,4,5.0,4,3,0,5,1,56f4b33d4b35bd27c086940d33bf89906ee9025c,2639.0,Wilkinson Bv,30.0
714,5,3,3,5.0,2,1,2,4,1,961577b2f518d964abaf5f5c4811db13b7833a28,2925.0,Virginia Ave,26.0
715,5,5,2,2.5,1,3,2,5,1,ec4cd010af2ac6ddde5bc6489893f21699bac081,504.0,E Trade St,26.5
716,0,3,2,5.0,0,1,0,4,1,33fb9b6b3dee061ba8bcfacb9a4a69ccd636e5db,7501.0,Plott Rd,16.0
717,5,3,3,0.0,1,1,2,5,1,d4bbe8901926bac7a9de3697e8bf199257c576b7,6059.0,Williams Rd,21.0
718,5,3,3,5.0,2,1,2,5,1,19a141c433ed5410a902d5d98a2eee15740922db,1053.0,S Kings Dr,27.0
719,5,3,3,5.0,2,1,2,5,1,ac6c673662a29391d0feb64e1617789b9fde6f0b,2100.0,Beatties Ford Rd,27.0
720,0,3,2,5.0,1,1,2,5,1,678235671ae6817a2817ce0c757e970e4e375d79,1800.0,Commonwealth Ave,20.0
721,0,3,2,0.0,1,3,2,5,1,1b564189a55969c5c6d6a22b33f80cab2dcbe97a,1335.0,Alleghany St,17.0
722,5,5,3,0.0,1,3,2,5,1,4927fc556ac6815fb768ea347fd7944788911172,9636.0,Monroe Rd,25.0
723,0,5,3,0.0,2,1,2,5,1,57748ef1fb8b78f1ef6ae87ee9b636ec02d44365,914.0,E 4th St,19.0
724,0,3,3,5.0,4,1,4,0,0,cbe9741662fb02001d30f1689cd2097296a537f3,8505.0,Reames Rd,20.0
725,5,5,2,0.0,1,3,2,5,1,5ff16052173518e44d88dbac3c5691b4bf9807de,1915.0,Milton Rd,24.0
726,0,3,2,0.0,1,1,2,4,1,b263ac0a1c7921d232a2bc20dff65f0e0bac4135,2603.0,Tuckaseegee Rd,14.0
727,0,0,2,0.0,1,1,4,5,1,215995f6aeabf3dee0d92889a5648ee6ebe3b6b8,5314.0,N Tryon St,14.0
728,5,0,3,0.0,1,3,2,4,1,3501ec92768b99277524e87d0ba42765867fb996,1113.0,Justice Ave,19.0
729,5,3,2,5.0,2,1,2,5,0,939d79319d0d8842f040c49a2826f095e0e8f3a0,802.0,E Sugar Creek Rd,25.0
730,5,3,2,5.0,2,1,2,5,1,b35c6208d8f56754ee5c9d0ea295def69717eec4,6501.0,Morrison Bv,26.0
731,5,3,3,0.0,2,1,2,5,1,4265449d0d303d3a3fb093e3cb042970fdf83d92,8416.0,University City Bv,22.0
732,5,3,3,5.0,2,1,2,4,1,d409c03243c8ee829796c52043254a92b4961c34,6508.0,Quail Hollow Rd,26.0
733,5,3,2,5.0,4,1,5,5,1,f9faf0154817f8c157410140a57f1a9aaf1a4c97,5424.0,Rozzelles Ferry Rd,31.0
734,5,3,2,0.0,1,1,2,5,1,b58367b9deecff902e8a4f27b705ffa835f2e84d,3020.0,Statesville Ave,20.0
735,0,3,1,5.0,2,3,2,5,1,fe4ecc28c2560ba60677dcf9c3247bc140e8218d,1619.0,E Bv,22.0
736,0,3,3,0.0,1,1,2,5,1,29e6934de9a81f20191dd5864ad125646bef6ade,3020.0,Statesville Ave,16.0
737,5,5,2,0.0,1,3,0,5,1,8ef6965bb9c7287eef3f2d70d36ae10c527bb628,1415.0,Central Ave,22.0
738,0,5,3,0.0,2,1,2,5,0,198cc96cbdf0103527a1788d00cfc7d75a9cf8ef,3100.0,N Tryon St,18.0
739,5,5,3,5.0,2,1,2,4,1,4ae8fbb277cdd57d10143d373b2c117415de9998,4640.0,Mullens Ford Rd,28.0
740,0,3,3,5.0,0,1,0,4,1,708033f8c0126e80b12aba7de4ffc778eb4af3af,9305.0,Baybrook Ln,17.0
741,5,3,3,5.0,4,3,1,4,3,facdee8ddd3b417797c0e43c2b813ae1452f957a,12414.0,Caldwell Rd,31.0
742,5,0,2,0.0,1,3,2,5,1,fb1cde874c2c3754a076bea64a48945f58746853,1418.0,Beatties Ford Rd,19.0
743,5,5,2,0.0,1,3,2,5,1,419b4da38313420452a2c52908bd569585e72bcc,119.0,N Sharon Amity Rd,24.0
744,5,3,2,0.0,2,1,2,5,1,cca5e2735a0b3eb7f6bdf683a1e0261b282d740c,1200.0,Beatties Ford Rd,21.0
745,0,5,3,0.0,1,3,2,5,0,65fd6b7326ae5d17ec70df7d0b59272ae954c810,2507.0,N Tryon St,19.0
746,5,5,2,0.0,1,3,2,5,1,e7dbe01760ce7d304de8d43c554b1195e07721c4,4837.0,N Tryon St,24.0
747,5,3,3,5.0,2,1,2,4,1,71ba6954f03bfe74a320ade0a3f0af4e48b30c4e,12523.0,Long Cove Dr,26.0
748,0,3,3,5.0,4,3,4,5,0,62fac1cf06b61f300c6ff40fbcc2e0c483bb72ce,2922.0,N Tryon St,27.0
749,5,3,2,5.0,1,1,2,5,1,f4be15d220680aaef54d5945b1af3676b4b5c4e3,139.0,E Tremont Ave,25.0
750,5,3,3,5.0,2,1,2,4,1,25818629f25fa0a26a3246773c498fceaee5688e,3058.0,Morning Dr,26.0
751,5,5,3,0.0,1,3,2,5,1,70685f010df87fb3cd77bb4f358f8f364fd9e47b,126.0,E 4th St,25.0
752,5,3,3,5.0,4,3,1,5,1,deb9a7a0d422566456036dc88eb1fc65c58413a7,4203.0,Wilkinson Bv,30.0
753,5,5,3,0.0,2,1,2,4,1,18d51179ee808726b796506ee0744622d85df738,305.0,E Arrowood Rd,23.0
754,5,5,3,5.0,2,1,2,4,1,8cbdd25624091d38e602d663f2e207434b69b0b2,5027.0,Highlake Dr,28.0
755,0,3,3,5.0,1,3,2,4,1,eafe91355cf5cac6772df182e4bd9bef4e14906e,3605.0,Colony Rd,22.0
756,0,5,3,5.0,2,1,2,5,1,fbcd196216e2743f04d4161ae68710ad3621a187,6506.0,Fairview Rd,24.0
